domain,full_url,tld,subdomain,num_subdomain_levels,path,path_depth,query_count,url_length,num_path_segments,has_digits,has_special_chars
gstatic.com,"https://www.gstatic.com/_/atari/_/js/k=atari.vw.de.VmXeeQCElfk.O/am=gAE/d=0/rs=AGEqA5nvH0kju_WNQ9OBlZV1wmmAgzsXZw/m=MpJwZc,n73qwf,A4UTCb,mzzZzc,CHCSlb,qAKInc,sy11,X85Uvc,usmiIb,HIeYee,QxOCld,sy32,abQiW,syx,PVlQOd,NPKaK,sy5,BVgquf,fmklff,TGYpv,syj,ruhlUe,KUM7Z,XDKZTc,sy12,qkPXAf,zPx2U,qEW1W,oNFsLb,sy3x,yxTchf,sy3y,sy3z,xQtZb,yf2Bs,sy2,sy9,yyxWAc,qddgKe,sy34,SM1lmd,sy7,sy6,syy,RRzQxe,sy8,syb,sy2b,syk,sya,fNFZH,sy33,syl,RrXLpc,cgRV2c,sy10,sy1u,o1L5Wb,X4BaPc,syf,sy19,Md9ENb,sy1j,sy1k,sy1l,syo,sy1i,sy13,sy15,sy1a,Ko0sOe,sy16,sy1q,syn,syw,syz,sy1b,sy1c,sy1h,NlqxW,sy1o,sy1p,sy1n,sy1s,sy1t,sy1y,sy1m,sy1x,sy1w,syq,sy1v,sy22,sy24,sy27,sy28,sy29,sy2a,sy20,sy23,sy2e,sy2l,sy1r,sy1z,sy26,sy21,sy2c,sy2d,sy2i,sy2j,sy2k,sy2n,syv,sy2o,G5ZZUb,sy25,zmwrxd,sy2f,sy2g,sy2h,sy2m,oy3iwb,dBhIIb,sy2p,sy2q,Yr1Pcb,LUQjOd,a9i3ec,CmOog,qYIcH,zTt0Rb,ap0X9d,Ik1vNd,NzVYMd,KlZlNb,rj51oe,zAU64c,uUwMBf,zRiL5c,AQnEY,jhxjge,ZV9ZUe,Tc7Qif,heobjb,R4KMEc,KlrXId,sy2r,sy2s,sy2t,sy2u,UYjpC,sy3,VYKRW",com,www,1,"/_/atari/_/js/k=atari.vw.de.VmXeeQCElfk.O/am=gAE/d=0/rs=AGEqA5nvH0kju_WNQ9OBlZV1wmmAgzsXZw/m=MpJwZc,n73qwf,A4UTCb,mzzZzc,CHCSlb,qAKInc,sy11,X85Uvc,usmiIb,HIeYee,QxOCld,sy32,abQiW,syx,PVlQOd,NPKaK,sy5,BVgquf,fmklff,TGYpv,syj,ruhlUe,KUM7Z,XDKZTc,sy12,qkPXAf,zPx2U,qEW1W,oNFsLb,sy3x,yxTchf,sy3y,sy3z,xQtZb,yf2Bs,sy2,sy9,yyxWAc,qddgKe,sy34,SM1lmd,sy7,sy6,syy,RRzQxe,sy8,syb,sy2b,syk,sya,fNFZH,sy33,syl,RrXLpc,cgRV2c,sy10,sy1u,o1L5Wb,X4BaPc,syf,sy19,Md9ENb,sy1j,sy1k,sy1l,syo,sy1i,sy13,sy15,sy1a,Ko0sOe,sy16,sy1q,syn,syw,syz,sy1b,sy1c,sy1h,NlqxW,sy1o,sy1p,sy1n,sy1s,sy1t,sy1y,sy1m,sy1x,sy1w,syq,sy1v,sy22,sy24,sy27,sy28,sy29,sy2a,sy20,sy23,sy2e,sy2l,sy1r,sy1z,sy26,sy21,sy2c,sy2d,sy2i,sy2j,sy2k,sy2n,syv,sy2o,G5ZZUb,sy25,zmwrxd,sy2f,sy2g,sy2h,sy2m,oy3iwb,dBhIIb,sy2p,sy2q,Yr1Pcb,LUQjOd,a9i3ec,CmOog,qYIcH,zTt0Rb,ap0X9d,Ik1vNd,NzVYMd,KlZlNb,rj51oe,zAU64c,uUwMBf,zRiL5c,AQnEY,jhxjge,ZV9ZUe,Tc7Qif,heobjb,R4KMEc,KlrXId,sy2r,sy2s,sy2t,sy2u,UYjpC,sy3,VYKRW",9,0,969,9,True,True
gstatic.com,"https://www.gstatic.com/_/atari/_/js/k=atari.vw.de.VmXeeQCElfk.O/am=gAE/d=0/rs=AGEqA5nvH0kju_WNQ9OBlZV1wmmAgzsXZw/m=NTMZac,m9oV,syd,syi,Ae65rd,rCcCxc,RAnnUd,CuaHnc,sy2w,gJzDyc,sy35,sy36,uu7UOe,sy37,soHxf,sy38,uY3Nvd,mxS5xe,syt,sys,HYv29e",com,www,1,"/_/atari/_/js/k=atari.vw.de.VmXeeQCElfk.O/am=gAE/d=0/rs=AGEqA5nvH0kju_WNQ9OBlZV1wmmAgzsXZw/m=NTMZac,m9oV,syd,syi,Ae65rd,rCcCxc,RAnnUd,CuaHnc,sy2w,gJzDyc,sy35,sy36,uu7UOe,sy37,soHxf,sy38,uY3Nvd,mxS5xe,syt,sys,HYv29e",9,0,237,9,True,True
gstatic.com,"https://www.gstatic.com/_/atari/_/js/k=atari.vw.de.VmXeeQCElfk.O/am=gAE/d=0/rs=AGEqA5nvH0kju_WNQ9OBlZV1wmmAgzsXZw/m=sy14,sy17,sy18,fuVYe,vVEdxc,sy1d,CG0Qwb",com,www,1,"/_/atari/_/js/k=atari.vw.de.VmXeeQCElfk.O/am=gAE/d=0/rs=AGEqA5nvH0kju_WNQ9OBlZV1wmmAgzsXZw/m=sy14,sy17,sy18,fuVYe,vVEdxc,sy1d,CG0Qwb",9,0,155,9,True,True
gstatic.com,"https://www.gstatic.com/_/atari/_/js/k=atari.vw.de.VmXeeQCElfk.O/am=gAE/d=0/rs=AGEqA5nvH0kju_WNQ9OBlZV1wmmAgzsXZw/m=sy1f,sy1g,sy1e,FoQBg",com,www,1,"/_/atari/_/js/k=atari.vw.de.VmXeeQCElfk.O/am=gAE/d=0/rs=AGEqA5nvH0kju_WNQ9OBlZV1wmmAgzsXZw/m=sy1f,sy1g,sy1e,FoQBg",9,0,136,9,True,True
gstatic.com,"https://www.gstatic.com/_/atari/_/js/k=atari.vw.de.VmXeeQCElfk.O/am=gAE/d=0/rs=AGEqA5nvH0kju_WNQ9OBlZV1wmmAgzsXZw/m=sy2x,IZT63,vfuNJf,sy3l,sy3p,sy3r,sy42,sy40,sy41,siKnQd,sy3j,sy3q,sy3s,sy2y,YNjGDd,sy3t,PrPYRd,iFQyKf,hc6Ubd,sy43,SpsfSb,sy3m,sy3o,wR5FRb,pXdRYb,dIoSBb,zbML3c",com,www,1,"/_/atari/_/js/k=atari.vw.de.VmXeeQCElfk.O/am=gAE/d=0/rs=AGEqA5nvH0kju_WNQ9OBlZV1wmmAgzsXZw/m=sy2x,IZT63,vfuNJf,sy3l,sy3p,sy3r,sy42,sy40,sy41,siKnQd,sy3j,sy3q,sy3s,sy2y,YNjGDd,sy3t,PrPYRd,iFQyKf,hc6Ubd,sy43,SpsfSb,sy3m,sy3o,wR5FRb,pXdRYb,dIoSBb,zbML3c",9,0,273,9,True,True
gstatic.com,"https://www.gstatic.com/_/atari/_/js/k=atari.vw.de.VmXeeQCElfk.O/am=gAE/d=0/rs=AGEqA5nvH0kju_WNQ9OBlZV1wmmAgzsXZw/m=sy31,TRvtze",com,www,1,"/_/atari/_/js/k=atari.vw.de.VmXeeQCElfk.O/am=gAE/d=0/rs=AGEqA5nvH0kju_WNQ9OBlZV1wmmAgzsXZw/m=sy31,TRvtze",9,0,127,9,True,True
gstatic.com,https://www.gstatic.com/_/atari/_/js/k=atari.vw.de.VmXeeQCElfk.O/am=gAE/d=1/rs=AGEqA5nvH0kju_WNQ9OBlZV1wmmAgzsXZw/m=view,com,www,1,/_/atari/_/js/k=atari.vw.de.VmXeeQCElfk.O/am=gAE/d=1/rs=AGEqA5nvH0kju_WNQ9OBlZV1wmmAgzsXZw/m=view,9,0,120,9,True,True
gstatic.com,"https://www.gstatic.com/_/atari/_/js/k=atari.vw.de.xJZxFwk0ZHI.O/d=0/rs=AGEqA5kIiw1AVW5hRvcnOLl97ZB4QTzyzg/m=m9oV,sy3o,NTMZac,rCcCxc,mzzZzc,RAnnUd,sy2y,uu7UOe,wAilxb,nAFL3,sy2r,gJzDyc,sy2z,sy30,soHxf,syw,syv,HYv29e,sy31,uY3Nvd",com,www,1,"/_/atari/_/js/k=atari.vw.de.xJZxFwk0ZHI.O/d=0/rs=AGEqA5kIiw1AVW5hRvcnOLl97ZB4QTzyzg/m=m9oV,sy3o,NTMZac,rCcCxc,mzzZzc,RAnnUd,sy2y,uu7UOe,wAilxb,nAFL3,sy2r,gJzDyc,sy2z,sy30,soHxf,syw,syv,HYv29e,sy31,uY3Nvd",8,0,226,8,True,True
gstatic.com,"https://www.gstatic.com/_/atari/_/js/k=atari.vw.de.xJZxFwk0ZHI.O/d=0/rs=AGEqA5kIiw1AVW5hRvcnOLl97ZB4QTzyzg/m=MpJwZc,n73qwf,A4UTCb,qAKInc,sy16,TGYpv,sy12,X85Uvc,HIeYee,QxOCld,sy2v,abQiW,syj,ruhlUe,KUM7Z,XDKZTc,sy13,qkPXAf,zPx2U,qEW1W,oNFsLb,sy3s,yxTchf,sy3t,sy3u,xQtZb,yf2Bs,sy2,sy8,yyxWAc,qddgKe,sy2x,SM1lmd,sy6,sy5,syz,RRzQxe,sy7,sya,syk,sy9,fNFZH,sy2w,sy1s,syl,RrXLpc,cgRV2c,sy11,sy1t,o1L5Wb,X4BaPc,syf,sy19,Md9ENb,sy1j,sy1k,sy1l,sy1f,sy1g,sy1h,syq,sy1i,sy1r,syn,syp,KlrXId,NlqxW,sy1q,syo,syy,sy10,sy1p,sy1n,sy1o,sy1w,syb,syt,sy1m,sy1v,sy21,sy25,sy26,sy27,sy28,sy1z,sy22,sy2b,sy1x,sy2a,sy2i,sy1u,sy1y,sy24,sy20,sy29,sy2c,sy2g,sy2h,sy2k,sy2l,sy1e,T807ad,sy23,ZDEHrf,sy2d,sy2e,sy2f,sy2j,oy3iwb,dBhIIb,syr,Yr1Pcb,LUQjOd,J9ssyb,SB123c,UubMM,YoEZUb,JKfHhb,DJtOxf,pA2mAb,gypOCd,X4FC5,kYfebb,XMtvld,rrOIJc,ZdZQ6b,Euz7Lc,sAbmxd,heobjb,R4KMEc,sy2m,sy2n,sy2o,sy2p,UYjpC,sy3,VYKRW",com,www,1,"/_/atari/_/js/k=atari.vw.de.xJZxFwk0ZHI.O/d=0/rs=AGEqA5kIiw1AVW5hRvcnOLl97ZB4QTzyzg/m=MpJwZc,n73qwf,A4UTCb,qAKInc,sy16,TGYpv,sy12,X85Uvc,HIeYee,QxOCld,sy2v,abQiW,syj,ruhlUe,KUM7Z,XDKZTc,sy13,qkPXAf,zPx2U,qEW1W,oNFsLb,sy3s,yxTchf,sy3t,sy3u,xQtZb,yf2Bs,sy2,sy8,yyxWAc,qddgKe,sy2x,SM1lmd,sy6,sy5,syz,RRzQxe,sy7,sya,syk,sy9,fNFZH,sy2w,sy1s,syl,RrXLpc,cgRV2c,sy11,sy1t,o1L5Wb,X4BaPc,syf,sy19,Md9ENb,sy1j,sy1k,sy1l,sy1f,sy1g,sy1h,syq,sy1i,sy1r,syn,syp,KlrXId,NlqxW,sy1q,syo,syy,sy10,sy1p,sy1n,sy1o,sy1w,syb,syt,sy1m,sy1v,sy21,sy25,sy26,sy27,sy28,sy1z,sy22,sy2b,sy1x,sy2a,sy2i,sy1u,sy1y,sy24,sy20,sy29,sy2c,sy2g,sy2h,sy2k,sy2l,sy1e,T807ad,sy23,ZDEHrf,sy2d,sy2e,sy2f,sy2j,oy3iwb,dBhIIb,syr,Yr1Pcb,LUQjOd,J9ssyb,SB123c,UubMM,YoEZUb,JKfHhb,DJtOxf,pA2mAb,gypOCd,X4FC5,kYfebb,XMtvld,rrOIJc,ZdZQ6b,Euz7Lc,sAbmxd,heobjb,R4KMEc,sy2m,sy2n,sy2o,sy2p,UYjpC,sy3,VYKRW",8,0,871,8,True,True
gstatic.com,"https://www.gstatic.com/_/atari/_/js/k=atari.vw.de.xJZxFwk0ZHI.O/d=0/rs=AGEqA5kIiw1AVW5hRvcnOLl97ZB4QTzyzg/m=sy14,sy15,sy17,sy18,fuVYe,vVEdxc,sy1a,CG0Qwb",com,www,1,"/_/atari/_/js/k=atari.vw.de.xJZxFwk0ZHI.O/d=0/rs=AGEqA5kIiw1AVW5hRvcnOLl97ZB4QTzyzg/m=sy14,sy15,sy17,sy18,fuVYe,vVEdxc,sy1a,CG0Qwb",8,0,153,8,True,True
gstatic.com,"https://www.gstatic.com/_/atari/_/js/k=atari.vw.de.xJZxFwk0ZHI.O/d=0/rs=AGEqA5kIiw1AVW5hRvcnOLl97ZB4QTzyzg/m=sy1c,sy1d,sy1b,FoQBg",com,www,1,"/_/atari/_/js/k=atari.vw.de.xJZxFwk0ZHI.O/d=0/rs=AGEqA5kIiw1AVW5hRvcnOLl97ZB4QTzyzg/m=sy1c,sy1d,sy1b,FoQBg",8,0,129,8,True,True
gstatic.com,"https://www.gstatic.com/_/atari/_/js/k=atari.vw.de.xJZxFwk0ZHI.O/d=0/rs=AGEqA5kIiw1AVW5hRvcnOLl97ZB4QTzyzg/m=sy2u,TRvtze",com,www,1,"/_/atari/_/js/k=atari.vw.de.xJZxFwk0ZHI.O/d=0/rs=AGEqA5kIiw1AVW5hRvcnOLl97ZB4QTzyzg/m=sy2u,TRvtze",8,0,120,8,True,True
gstatic.com,"https://www.gstatic.com/_/atari/_/js/k=atari.vw.de.xJZxFwk0ZHI.O/d=0/rs=AGEqA5kIiw1AVW5hRvcnOLl97ZB4QTzyzg/m=sy3j,IZT63,vfuNJf,sy3d,sy3h,sy3k,sy3x,sy3v,sy3w,siKnQd,sy3b,sy3i,sy3m,YNjGDd,sy3l,sy3n,PrPYRd,iFQyKf,hc6Ubd,sy3y,SpsfSb,sy3e,sy3g,wR5FRb,pXdRYb,dIoSBb,zbML3c",com,www,1,"/_/atari/_/js/k=atari.vw.de.xJZxFwk0ZHI.O/d=0/rs=AGEqA5kIiw1AVW5hRvcnOLl97ZB4QTzyzg/m=sy3j,IZT63,vfuNJf,sy3d,sy3h,sy3k,sy3x,sy3v,sy3w,siKnQd,sy3b,sy3i,sy3m,YNjGDd,sy3l,sy3n,PrPYRd,iFQyKf,hc6Ubd,sy3y,SpsfSb,sy3e,sy3g,wR5FRb,pXdRYb,dIoSBb,zbML3c",8,0,266,8,True,True
gstatic.com,https://www.gstatic.com/_/atari/_/js/k=atari.vw.de.xJZxFwk0ZHI.O/d=1/rs=AGEqA5kIiw1AVW5hRvcnOLl97ZB4QTzyzg/m=view,com,www,1,/_/atari/_/js/k=atari.vw.de.xJZxFwk0ZHI.O/d=1/rs=AGEqA5kIiw1AVW5hRvcnOLl97ZB4QTzyzg/m=view,8,0,113,8,True,True
gstatic.com,"https://www.gstatic.com/_/atari/_/js/k=atari.vw.en_US.hZkiCxWt8d8.O/am=AAYg/d=0/rs=AGEqA5nBJRa0lemACvnigez7EEDHuJdJDw/m=IZT63,vfuNJf,sy45,sy49,sy4b,sy4n,sy4l,sy4m,siKnQd,sy1c,sy43,sy4a,sy4c,YNjGDd,sy4d,PrPYRd,iFQyKf,hc6Ubd,sy3g,sy4o,SpsfSb,sy46,sy48,wR5FRb,pXdRYb,dIoSBb,zbML3c",com,www,1,"/_/atari/_/js/k=atari.vw.en_US.hZkiCxWt8d8.O/am=AAYg/d=0/rs=AGEqA5nBJRa0lemACvnigez7EEDHuJdJDw/m=IZT63,vfuNJf,sy45,sy49,sy4b,sy4n,sy4l,sy4m,siKnQd,sy1c,sy43,sy4a,sy4c,YNjGDd,sy4d,PrPYRd,iFQyKf,hc6Ubd,sy3g,sy4o,SpsfSb,sy46,sy48,wR5FRb,pXdRYb,dIoSBb,zbML3c",9,0,277,9,True,True
gstatic.com,"https://www.gstatic.com/_/atari/_/js/k=atari.vw.en_US.hZkiCxWt8d8.O/am=AAYg/d=0/rs=AGEqA5nBJRa0lemACvnigez7EEDHuJdJDw/m=sy3l,TRvtze",com,www,1,"/_/atari/_/js/k=atari.vw.en_US.hZkiCxWt8d8.O/am=AAYg/d=0/rs=AGEqA5nBJRa0lemACvnigez7EEDHuJdJDw/m=sy3l,TRvtze",9,0,131,9,True,True
gstatic.com,https://www.gstatic.com/_/atari/_/js/k=atari.vw.en_US.hZkiCxWt8d8.O/am=AAYg/d=1/rs=AGEqA5nBJRa0lemACvnigez7EEDHuJdJDw/m=view,com,www,1,/_/atari/_/js/k=atari.vw.en_US.hZkiCxWt8d8.O/am=AAYg/d=1/rs=AGEqA5nBJRa0lemACvnigez7EEDHuJdJDw/m=view,9,0,124,9,True,True
gstatic.com,"https://www.gstatic.com/_/atari/_/js/k=atari.vw.en_US.YjayE2nmgig.O/am=AIABEA/d=0/rs=AGEqA5m7SfY1wh_H6jxjKqte3cxgl8Sgpg/m=IZT63,vfuNJf,sy72,sy76,sy78,sy7j,sy7h,sy7i,siKnQd,sy70,sy77,sy79,YNjGDd,sy7a,PrPYRd,iFQyKf,hc6Ubd,sy7k,SpsfSb,sy73,sy75,wR5FRb,pXdRYb,dIoSBb,zbML3c",com,www,1,"/_/atari/_/js/k=atari.vw.en_US.YjayE2nmgig.O/am=AIABEA/d=0/rs=AGEqA5m7SfY1wh_H6jxjKqte3cxgl8Sgpg/m=IZT63,vfuNJf,sy72,sy76,sy78,sy7j,sy7h,sy7i,siKnQd,sy70,sy77,sy79,YNjGDd,sy7a,PrPYRd,iFQyKf,hc6Ubd,sy7k,SpsfSb,sy73,sy75,wR5FRb,pXdRYb,dIoSBb,zbML3c",9,0,269,9,True,True
gstatic.com,"https://www.gstatic.com/_/atari/_/js/k=atari.vw.en_US.YjayE2nmgig.O/am=AIABEA/d=0/rs=AGEqA5m7SfY1wh_H6jxjKqte3cxgl8Sgpg/m=rCcCxc,uu7UOe,sy6m,uY3Nvd,sy2u,sy5l,sy6d,gJzDyc,sy6l,soHxf,sy2p,sy2o,sy63,HYv29e",com,www,1,"/_/atari/_/js/k=atari.vw.en_US.YjayE2nmgig.O/am=AIABEA/d=0/rs=AGEqA5m7SfY1wh_H6jxjKqte3cxgl8Sgpg/m=rCcCxc,uu7UOe,sy6m,uY3Nvd,sy2u,sy5l,sy6d,gJzDyc,sy6l,soHxf,sy2p,sy2o,sy63,HYv29e",9,0,202,9,True,True
gstatic.com,"https://www.gstatic.com/_/atari/_/js/k=atari.vw.en_US.YjayE2nmgig.O/am=AIABEA/d=0/rs=AGEqA5m7SfY1wh_H6jxjKqte3cxgl8Sgpg/m=sy42,sy44,sy48,fuVYe,sy4b,sy4d,sy4e,CG0Qwb",com,www,1,"/_/atari/_/js/k=atari.vw.en_US.YjayE2nmgig.O/am=AIABEA/d=0/rs=AGEqA5m7SfY1wh_H6jxjKqte3cxgl8Sgpg/m=sy42,sy44,sy48,fuVYe,sy4b,sy4d,sy4e,CG0Qwb",9,0,164,9,True,True
gstatic.com,"https://www.gstatic.com/_/atari/_/js/k=atari.vw.en_US.YjayE2nmgig.O/am=AIABEA/d=0/rs=AGEqA5m7SfY1wh_H6jxjKqte3cxgl8Sgpg/m=sy4f,sy4h,sy4i,sy4j,sy4g,FoQBg",com,www,1,"/_/atari/_/js/k=atari.vw.en_US.YjayE2nmgig.O/am=AIABEA/d=0/rs=AGEqA5m7SfY1wh_H6jxjKqte3cxgl8Sgpg/m=sy4f,sy4h,sy4i,sy4j,sy4g,FoQBg",9,0,152,9,True,True
gstatic.com,"https://www.gstatic.com/_/atari/_/js/k=atari.vw.en_US.YjayE2nmgig.O/am=AIABEA/d=0/rs=AGEqA5m7SfY1wh_H6jxjKqte3cxgl8Sgpg/m=sy6g,TRvtze",com,www,1,"/_/atari/_/js/k=atari.vw.en_US.YjayE2nmgig.O/am=AIABEA/d=0/rs=AGEqA5m7SfY1wh_H6jxjKqte3cxgl8Sgpg/m=sy6g,TRvtze",9,0,133,9,True,True
gstatic.com,https://www.gstatic.com/_/atari/_/js/k=atari.vw.en_US.YjayE2nmgig.O/am=AIABEA/d=1/rs=AGEqA5m7SfY1wh_H6jxjKqte3cxgl8Sgpg/m=view,com,www,1,/_/atari/_/js/k=atari.vw.en_US.YjayE2nmgig.O/am=AIABEA/d=1/rs=AGEqA5m7SfY1wh_H6jxjKqte3cxgl8Sgpg/m=view,9,0,126,9,True,True
gstatic.com,https://www.gstatic.com/_/atari/_/ss/k=atari.vw.bkz9uNJnp2I.L.W.O/am=gAE/d=1/rs=AGEqA5k55LChdUdEqPg6HYqGFCfzKPhiMw,com,www,1,/_/atari/_/ss/k=atari.vw.bkz9uNJnp2I.L.W.O/am=gAE/d=1/rs=AGEqA5k55LChdUdEqPg6HYqGFCfzKPhiMw,8,0,114,8,True,True
gstatic.com,https://www.gstatic.com/_/atari/_/ss/k=atari.vw.IW9cwVuR_Tw.L.W.O/d=1/rs=AGEqA5mEt8CoY4DWPWp1F0JGPtFIADejJA,com,www,1,/_/atari/_/ss/k=atari.vw.IW9cwVuR_Tw.L.W.O/d=1/rs=AGEqA5mEt8CoY4DWPWp1F0JGPtFIADejJA,7,0,107,7,True,True
gstatic.com,"https://www.gstatic.com/_/boq-play/_/js/k=boq-play.PlayStoreUi.en_US.JlZ47PXzeng.2021.O/ck=boq-play.PlayStoreUi.QaRlo3e8B-s.L.B1.O/am=Q89mMYgPsObAf6TvYgs/d=1/exm=_b,_tp/excm=_b,_tp,appdetailsview/ed=1/wt=2/ujg=1/rs=AB1caFV6rk06PlAY6bfw1XEwixvfYuWhKA/ee=EVNhjf:pw70Gc;EmZ2Bf:zr1jrb;Erl4fe:FloWmf;Hs0fpd:jLUKge;JsbNhc:Xd8iUd;LBgRLc:SdcwHb;Me32dd:MEeYgc;NPKaK:SdcwHb;NSEoX:lazG7b;Oj465e:KG2eXe;Pjplud:EEDORb;QGR0gd:Mlhmy;Rdd4dc:WXw8B;SNUn3:ZwDk9d;a56pNe:JEfCwb;cEt90b:ws9Tlc;dIoSBb:SpsfSb;eBAeSb:zbML3c;iFQyKf:QIhFr;io8t5d:yDVVkb;kMFpHd:OTA3Ae;nAFL3:s39S4;nAu0tf:z5Gxfe;oGtAuc:sOXFj;pXdRYb:MdUzUe;qddgKe:xQtZb;sP4Vbe:VwDzFe;sgjhQc:bQAegc;uY49fb:COQbmf;ul9GGd:VDovNc;wR5FRb:O1Gjze;xqZiqf:BBI74;yEQyxe:TLjaTd;yxTchf:KUM7Z;zxnPse:GkRiKb/m=byfTOb,lsjVmc,LEikZe",com,www,1,"/_/boq-play/_/js/k=boq-play.PlayStoreUi.en_US.JlZ47PXzeng.2021.O/ck=boq-play.PlayStoreUi.QaRlo3e8B-s.L.B1.O/am=Q89mMYgPsObAf6TvYgs/d=1/exm=_b,_tp/excm=_b,_tp,appdetailsview/ed=1/wt=2/ujg=1/rs=AB1caFV6rk06PlAY6bfw1XEwixvfYuWhKA/ee=EVNhjf:pw70Gc;EmZ2Bf:zr1jrb;Erl4fe:FloWmf;Hs0fpd:jLUKge;JsbNhc:Xd8iUd;LBgRLc:SdcwHb;Me32dd:MEeYgc;NPKaK:SdcwHb;NSEoX:lazG7b;Oj465e:KG2eXe;Pjplud:EEDORb;QGR0gd:Mlhmy;Rdd4dc:WXw8B;SNUn3:ZwDk9d;a56pNe:JEfCwb;cEt90b:ws9Tlc;dIoSBb:SpsfSb;eBAeSb:zbML3c;iFQyKf:QIhFr;io8t5d:yDVVkb;kMFpHd:OTA3Ae;nAFL3:s39S4;nAu0tf:z5Gxfe;oGtAuc:sOXFj;pXdRYb:MdUzUe;qddgKe:xQtZb;sP4Vbe:VwDzFe;sgjhQc:bQAegc;uY49fb:COQbmf;ul9GGd:VDovNc;wR5FRb:O1Gjze;xqZiqf:BBI74;yEQyxe:TLjaTd;yxTchf:KUM7Z;zxnPse:GkRiKb/m=byfTOb,lsjVmc,LEikZe",16,0,753,16,True,True
gstatic.com,"https://www.gstatic.com/_/boq-play/_/js/k=boq-play.PlayStoreUi.zh.9eVdclTTtB0.2021.O/am=07NZDH3AmgP_gb4VXw/d=1/excm=_b,_tp,appdetailsview/ed=1/dg=0/wt=2/ujg=1/rs=AB1caFWMcQ9cvnRnhfwImTavO4Oe0LS1pw/m=_b,_tp",com,www,1,"/_/boq-play/_/js/k=boq-play.PlayStoreUi.zh.9eVdclTTtB0.2021.O/am=07NZDH3AmgP_gb4VXw/d=1/excm=_b,_tp,appdetailsview/ed=1/dg=0/wt=2/ujg=1/rs=AB1caFWMcQ9cvnRnhfwImTavO4Oe0LS1pw/m=_b,_tp",14,0,205,14,True,True
gstatic.com,"https://www.gstatic.com/_/boq-play/_/js/k=boq-play.PlayStoreUi.zh.GgZBfOrI0ak.2021.O/ck=boq-play.PlayStoreUi.KMOG1qWFvLU.L.B1.O/am=5vpg2IOAzvzhBQAC/d=1/exm=_b,_r,_tp/excm=_b,_r,_tp,appdetailsview/ed=1/wt=2/rs=AB1caFVMXdkAOliN5kGvb3rN3sWCMDe7uQ/ee=cEt90b:ws9Tlc;QGR0gd:Mlhmy;uY49fb:COQbmf;yxTchf:KUM7Z;qddgKe:xQtZb;dIoSBb:SpsfSb;EmZ2Bf:zr1jrb;zxnPse:GkRiKb;EVNhjf:pw70Gc;JsbNhc:Xd8iUd;NSEoX:lazG7b;Rdd4dc:WXw8B;oGtAuc:sOXFj;eBAeSb:zbML3c;Pjplud:EEDORb;io8t5d:yDVVkb;Oj465e:KG2eXe;Erl4fe:FloWmf;ul9GGd:VDovNc;sP4Vbe:VwDzFe;a56pNe:JEfCwb;Me32dd:MEeYgc;kMFpHd:OTA3Ae;NPKaK:SdcwHb;pXdRYb:MdUzUe;nAFL3:s39S4;iFQyKf:QIhFr;yEQyxe:TLjaTd;sgjhQc:bQAegc;xqZiqf:BBI74;SNUn3:ZwDk9d;LBgRLc:SdcwHb;wR5FRb:O1Gjze/m=byfTOb,lsjVmc,LEikZe",com,www,1,"/_/boq-play/_/js/k=boq-play.PlayStoreUi.zh.GgZBfOrI0ak.2021.O/ck=boq-play.PlayStoreUi.KMOG1qWFvLU.L.B1.O/am=5vpg2IOAzvzhBQAC/d=1/exm=_b,_r,_tp/excm=_b,_r,_tp,appdetailsview/ed=1/wt=2/rs=AB1caFVMXdkAOliN5kGvb3rN3sWCMDe7uQ/ee=cEt90b:ws9Tlc;QGR0gd:Mlhmy;uY49fb:COQbmf;yxTchf:KUM7Z;qddgKe:xQtZb;dIoSBb:SpsfSb;EmZ2Bf:zr1jrb;zxnPse:GkRiKb;EVNhjf:pw70Gc;JsbNhc:Xd8iUd;NSEoX:lazG7b;Rdd4dc:WXw8B;oGtAuc:sOXFj;eBAeSb:zbML3c;Pjplud:EEDORb;io8t5d:yDVVkb;Oj465e:KG2eXe;Erl4fe:FloWmf;ul9GGd:VDovNc;sP4Vbe:VwDzFe;a56pNe:JEfCwb;Me32dd:MEeYgc;kMFpHd:OTA3Ae;NPKaK:SdcwHb;pXdRYb:MdUzUe;nAFL3:s39S4;iFQyKf:QIhFr;yEQyxe:TLjaTd;sgjhQc:bQAegc;xqZiqf:BBI74;SNUn3:ZwDk9d;LBgRLc:SdcwHb;wR5FRb:O1Gjze/m=byfTOb,lsjVmc,LEikZe",15,0,719,15,True,True
gstatic.com,"https://www.gstatic.com/_/boq-play/_/js/k=boq-play.PlayStoreUi.zh.sHsQ5GjcfDw.2021.O/ck=boq-play.PlayStoreUi.lpZNirUk6LQ.L.B1.O/am=07MtBg3AmgP_gb4VXw/d=1/exm=_b,_tp/excm=_b,_tp,appdetailsview/ed=1/wt=2/ujg=1/rs=AB1caFUhqMFtPyiyBXB02aMnRbjOMpQS9g/ee=EVNhjf:pw70Gc;EmZ2Bf:zr1jrb;Erl4fe:FloWmf;Hs0fpd:jLUKge;JsbNhc:Xd8iUd;LBgRLc:SdcwHb;Me32dd:MEeYgc;NPKaK:SdcwHb;NSEoX:lazG7b;Oj465e:KG2eXe;Pjplud:EEDORb;QGR0gd:Mlhmy;Rdd4dc:WXw8B;SNUn3:ZwDk9d;a56pNe:JEfCwb;cEt90b:ws9Tlc;dIoSBb:SpsfSb;eBAeSb:zbML3c;iFQyKf:QIhFr;io8t5d:yDVVkb;kMFpHd:OTA3Ae;nAFL3:s39S4;nAu0tf:z5Gxfe;oGtAuc:sOXFj;pXdRYb:MdUzUe;qddgKe:xQtZb;sP4Vbe:VwDzFe;sgjhQc:bQAegc;uY49fb:COQbmf;ul9GGd:VDovNc;wR5FRb:O1Gjze;xqZiqf:BBI74;yEQyxe:TLjaTd;yxTchf:KUM7Z;zxnPse:GkRiKb/m=byfTOb,lsjVmc,LEikZe",com,www,1,"/_/boq-play/_/js/k=boq-play.PlayStoreUi.zh.sHsQ5GjcfDw.2021.O/ck=boq-play.PlayStoreUi.lpZNirUk6LQ.L.B1.O/am=07MtBg3AmgP_gb4VXw/d=1/exm=_b,_tp/excm=_b,_tp,appdetailsview/ed=1/wt=2/ujg=1/rs=AB1caFUhqMFtPyiyBXB02aMnRbjOMpQS9g/ee=EVNhjf:pw70Gc;EmZ2Bf:zr1jrb;Erl4fe:FloWmf;Hs0fpd:jLUKge;JsbNhc:Xd8iUd;LBgRLc:SdcwHb;Me32dd:MEeYgc;NPKaK:SdcwHb;NSEoX:lazG7b;Oj465e:KG2eXe;Pjplud:EEDORb;QGR0gd:Mlhmy;Rdd4dc:WXw8B;SNUn3:ZwDk9d;a56pNe:JEfCwb;cEt90b:ws9Tlc;dIoSBb:SpsfSb;eBAeSb:zbML3c;iFQyKf:QIhFr;io8t5d:yDVVkb;kMFpHd:OTA3Ae;nAFL3:s39S4;nAu0tf:z5Gxfe;oGtAuc:sOXFj;pXdRYb:MdUzUe;qddgKe:xQtZb;sP4Vbe:VwDzFe;sgjhQc:bQAegc;uY49fb:COQbmf;ul9GGd:VDovNc;wR5FRb:O1Gjze;xqZiqf:BBI74;yEQyxe:TLjaTd;yxTchf:KUM7Z;zxnPse:GkRiKb/m=byfTOb,lsjVmc,LEikZe",16,0,749,16,True,True
gstatic.com,"https://www.gstatic.com/_/boq-play/_/ss/k=boq-play.PlayPcStoreUi.5RlZxOqQJMg.L.X.O/am=3yb2CgCYYRzHAoA/d=1/ed=1/rs=AB1caFW5zwYtBn4H38GPXyhQ8VOG_f__fQ/m=detailsview,_b,_tp",com,www,1,"/_/boq-play/_/ss/k=boq-play.PlayPcStoreUi.5RlZxOqQJMg.L.X.O/am=3yb2CgCYYRzHAoA/d=1/ed=1/rs=AB1caFW5zwYtBn4H38GPXyhQ8VOG_f__fQ/m=detailsview,_b,_tp",10,0,169,10,True,True
googleapis.com,https://www.googleapis.com/auth/monitoring%27,com,www,1,/auth/monitoring%27,2,0,45,2,True,True
googleapis.com,https://www.googleapis.com/auth/taskqueue.consumer,com,www,1,/auth/taskqueue.consumer,2,0,50,2,False,True
googleapis.com,https://www.googleapis.com/books/v1/volumes?q=isbn:0201310163,com,www,1,/books/v1/volumes,3,1,61,3,True,False
googleapis.com,https://www.googleapis.com/books/v1/volumes?q=isbn:0321200683,com,www,1,/books/v1/volumes,3,1,61,3,True,False
googleapis.com,https://www.googleapis.com/books/v1/volumes?q=isbn:0471191612,com,www,1,/books/v1/volumes,3,1,61,3,True,False
googleapis.com,https://www.googleapis.com/books/v1/volumes?q=isbn:0471193089,com,www,1,/books/v1/volumes,3,1,61,3,True,False
googleapis.com,https://www.googleapis.com/books/v1/volumes?q=isbn:0471383562,com,www,1,/books/v1/volumes,3,1,61,3,True,False
googleapis.com,https://www.googleapis.com/books/v1/volumes?q=isbn:0471390658,com,www,1,/books/v1/volumes,3,1,61,3,True,False
googleapis.com,https://www.googleapis.com/books/v1/volumes?q=isbn:0521644372,com,www,1,/books/v1/volumes,3,1,61,3,True,False
googleapis.com,https://www.googleapis.com/books/v1/volumes?q=isbn:0596004893,com,www,1,/books/v1/volumes,3,1,61,3,True,False
googleapis.com,https://www.googleapis.com/books/v1/volumes?q=isbn:0750697911,com,www,1,/books/v1/volumes,3,1,61,3,True,False
googleapis.com,https://www.googleapis.com/books/v1/volumes?q=isbn:1565923146,com,www,1,/books/v1/volumes,3,1,61,3,True,False
googleapis.com,https://www.googleapis.com/books/v1/volumes?q=isbn:1565923758,com,www,1,/books/v1/volumes,3,1,61,3,True,False
googleapis.com,https://www.googleapis.com/books/v1/volumes?q=isbn:1565923820,com,www,1,/books/v1/volumes,3,1,61,3,True,False
googleapis.com,https://www.googleapis.com/books/v1/volumes?q=isbn:1565925297,com,www,1,/books/v1/volumes,3,1,61,3,True,False
googleapis.com,https://www.googleapis.com/books/v1/volumes?q=isbn:9780136677642,com,www,1,/books/v1/volumes,3,1,64,3,True,False
googleapis.com,https://www.googleapis.com/books/v1/volumes?q=isbn:9780201756081,com,www,1,/books/v1/volumes,3,1,64,3,True,False
googleapis.com,https://www.googleapis.com/books/v1/volumes?q=isbn:9781435710276,com,www,1,/books/v1/volumes,3,1,64,3,True,False
googleapis.com,https://www.googleapis.com/books/v1/volumes?q=isbn:9781909679368,com,www,1,/books/v1/volumes,3,1,64,3,True,False
googleapis.com,https://www.googleapis.com/download/storage/v1/b/builds.clementine-player.org/o/version1-64bit%2Fblob?generation=1580567183126118&alt=media,com,www,1,/download/storage/v1/b/builds.clementine-player.org/o/version1-64bit%2Fblob,7,2,139,7,True,True
googleapis.com,https://www.googleapis.com/download/storage/v1/b/builds.clementine-player.org/o/version1-64bit%2Flibspotify.so.7?generation=1580567183842021&alt=media,com,www,1,/download/storage/v1/b/builds.clementine-player.org/o/version1-64bit%2Flibspotify.so.7,7,2,150,7,True,True
googleapis.com,https://www.googleapis.com/download/storage/v1/b/builds.clementine-player.org/o/version12-32bit%2Fblob.sha1?generation=1580567194481527&alt=media,com,www,1,/download/storage/v1/b/builds.clementine-player.org/o/version12-32bit%2Fblob.sha1,7,2,145,7,True,True
googleapis.com,https://www.googleapis.com/download/storage/v1/b/builds.clementine-player.org/o/version12-32bit%2Fblob?generation=1580567194357044&alt=media,com,www,1,/download/storage/v1/b/builds.clementine-player.org/o/version12-32bit%2Fblob,7,2,140,7,True,True
googleapis.com,https://www.googleapis.com/download/storage/v1/b/builds.clementine-player.org/o/version12-32bit%2Flibspotify.so.10.1.16.sha1?generation=1580567195211819&alt=media,com,www,1,/download/storage/v1/b/builds.clementine-player.org/o/version12-32bit%2Flibspotify.so.10.1.16.sha1,7,2,162,7,True,True
googleapis.com,https://www.googleapis.com/download/storage/v1/b/builds.clementine-player.org/o/version12-32bit%2Flibspotify.so.10.1.16?generation=1580567195082536&alt=media,com,www,1,/download/storage/v1/b/builds.clementine-player.org/o/version12-32bit%2Flibspotify.so.10.1.16,7,2,157,7,True,True
googleapis.com,https://www.googleapis.com/download/storage/v1/b/builds.clementine-player.org/o/version12-32bit%2Flibspotify.so.11.1.56.sha1?generation=1580567195854957&alt=media,com,www,1,/download/storage/v1/b/builds.clementine-player.org/o/version12-32bit%2Flibspotify.so.11.1.56.sha1,7,2,162,7,True,True
googleapis.com,https://www.googleapis.com/download/storage/v1/b/builds.clementine-player.org/o/version12-32bit%2Flibspotify.so.11.1.56?generation=1580567195687361&alt=media,com,www,1,/download/storage/v1/b/builds.clementine-player.org/o/version12-32bit%2Flibspotify.so.11.1.56,7,2,157,7,True,True
googleapis.com,https://www.googleapis.com/download/storage/v1/b/builds.clementine-player.org/o/version12-32bit%2Flibspotify.so.7?generation=1580567196495144&alt=media,com,www,1,/download/storage/v1/b/builds.clementine-player.org/o/version12-32bit%2Flibspotify.so.7,7,2,151,7,True,True
googleapis.com,https://www.googleapis.com/download/storage/v1/b/builds.clementine-player.org/o/version12-32bit%2Flibspotify.so.8?generation=1580567197343544&alt=media,com,www,1,/download/storage/v1/b/builds.clementine-player.org/o/version12-32bit%2Flibspotify.so.8,7,2,151,7,True,True
googleapis.com,https://www.googleapis.com/download/storage/v1/b/builds.clementine-player.org/o/version16-32bit%2Fblob.sha512?generation=1580567214962396&alt=media,com,www,1,/download/storage/v1/b/builds.clementine-player.org/o/version16-32bit%2Fblob.sha512,7,2,147,7,True,True
vimeo.com,https://vimeo.com/robots.txt,com,,0,/robots.txt,1,0,28,1,False,True
vimeo.com,https://www.vimeo.com/robots.txt,com,www,1,/robots.txt,1,0,32,1,False,True
vimeo.com,http://vimeo.com/robots.txt,com,,0,/robots.txt,1,0,27,1,False,True
vimeo.com,http://www.vimeo.com/robots.txt,com,www,1,/robots.txt,1,0,31,1,False,True
ntp.org,https://www.ntp.org/,org,www,1,/,0,0,20,0,False,False
ntp.org,https://www.ntp.org/4.1.2/driver20.htm,org,www,1,/4.1.2/driver20.htm,2,0,38,2,True,True
ntp.org,https://www.ntp.org/4.2.0/drivers/driver1.html,org,www,1,/4.2.0/drivers/driver1.html,3,0,46,3,True,True
ntp.org,https://www.ntp.org/4.2.0/refclock.html,org,www,1,/4.2.0/refclock.html,2,0,39,2,True,True
ntp.org,https://www.ntp.org/4.2.6/refclock.html,org,www,1,/4.2.6/refclock.html,2,0,39,2,True,True
ntp.org,https://www.ntp.org/archives/drivers/driver28/,org,www,1,/archives/drivers/driver28/,3,0,46,3,True,False
ntp.org,https://www.ntp.org/current-stable/discover/,org,www,1,/current-stable/discover/,2,0,44,2,False,False
ntp.org,http://www.ntp.org/documentation/4.1.2/driver20/,org,www,1,/documentation/4.1.2/driver20/,3,0,48,3,True,True
ntp.org,http://www.ntp.org/documentation/4.2.0/drivers/driver1/,org,www,1,/documentation/4.2.0/drivers/driver1/,4,0,55,4,True,True
ntp.org,http://www.ntp.org/documentation/4.2.0/refclock/,org,www,1,/documentation/4.2.0/refclock/,3,0,48,3,True,True
ntp.org,http://www.ntp.org/documentation/4.2.2-series/refclock/,org,www,1,/documentation/4.2.2-series/refclock/,3,0,55,3,True,True
ntp.org,http://www.ntp.org/jump.html?link=6,org,www,1,/jump.html,1,1,35,1,False,True
ntp.org,http://www.ntp.org/jump/?link=6,org,www,1,/jump/,1,1,31,1,False,False
ntp.org,http://www.ntp.org/ntpfaq/NTP-s-algo/,org,www,1,/ntpfaq/NTP-s-algo/,2,0,37,2,False,False
ntp.org,http://www.ntp.org/ntpfaq/NTP-s-algo-kernel/,org,www,1,/ntpfaq/NTP-s-algo-kernel/,2,0,44,2,False,False
ntp.org,https://www.ntp.org/ntpfaq/NTP-s-algo-kernel.htm,org,www,1,/ntpfaq/NTP-s-algo-kernel.htm,2,0,48,2,False,True
ntp.org,https://www.ntp.org/ntpfaq/NTP-s-algo.htm,org,www,1,/ntpfaq/NTP-s-algo.htm,2,0,41,2,False,True
ntp.org,https://www.ntp.org/ntpfaq/ntp-s-compat/,org,www,1,/ntpfaq/ntp-s-compat/,2,0,40,2,False,False
ntp.org,http://www.ntp.org/ntpfaq/NTP-s-config/,org,www,1,/ntpfaq/NTP-s-config/,2,0,39,2,False,False
ntp.org,http://www.ntp.org/ntpfaq/NTP-s-config-adv/,org,www,1,/ntpfaq/NTP-s-config-adv/,2,0,43,2,False,False
ntp.org,http://www.ntp.org/ntpfaq/NTP-s-config-adv.htm,org,www,1,/ntpfaq/NTP-s-config-adv.htm,2,0,46,2,False,True
ntp.org,http://www.ntp.org/ntpfaq/NTP-s-config.htm,org,www,1,/ntpfaq/NTP-s-config.htm,2,0,42,2,False,True
ntp.org,http://www.ntp.org/ntpfaq/NTP-s-def-hist/,org,www,1,/ntpfaq/NTP-s-def-hist/,2,0,41,2,False,False
ntp.org,https://www.ntp.org/ntpfaq/NTP-s-def-hist.htm,org,www,1,/ntpfaq/NTP-s-def-hist.htm,2,0,45,2,False,True
ntp.org,https://www.ntp.org/ntpfaq/ntp-s-def-impl/,org,www,1,/ntpfaq/ntp-s-def-impl/,2,0,42,2,False,False
ntp.org,https://www.ntp.org/ntpfaq/ntp-s-time/,org,www,1,/ntpfaq/ntp-s-time/,2,0,38,2,False,False
ntp.org,http://www.ntp.org/ntpfaq/NTP-s-time/,org,www,1,/ntpfaq/NTP-s-time/,2,0,37,2,False,False
ntp.org,https://www.ntp.org/ntpfaq/NTP-s-time.htm,org,www,1,/ntpfaq/NTP-s-time.htm,2,0,41,2,False,True
ntp.org,http://www.ntp.org/ntpfaq/NTP-s-trouble/,org,www,1,/ntpfaq/NTP-s-trouble/,2,0,40,2,False,False
ntp.org,https://www.ntp.org/ntpfaq/NTP-s-trouble.htm,org,www,1,/ntpfaq/NTP-s-trouble.htm,2,0,44,2,False,True
spotify.com,https://www.spotify.com/,com,www,1,/,0,0,24,0,False,False
spotify.com,http://www.spotify.com/,com,www,1,/,0,0,23,0,False,False
spotify.com,http://spotify.com/,com,,0,/,0,0,19,0,False,False
spotify.com,https://spotify.com/,com,,0,/,0,0,20,0,False,False
spotify.com,http://spotify.com/2AjbOeYS0jcF0t2F0RDgNy?autoplay=true,com,,0,/2AjbOeYS0jcF0t2F0RDgNy,1,1,55,1,True,False
spotify.com,https://www.spotify.com/2AjbOeYS0jcF0t2F0RDgNy?autoplay=true,com,www,1,/2AjbOeYS0jcF0t2F0RDgNy,1,1,60,1,True,False
spotify.com,https://www.spotify.com/3shots,com,www,1,/3shots,1,0,30,1,True,False
spotify.com,https://www.spotify.com/?_ga=2.247641039.999391098.1624436965-225673849.1621330803,com,www,1,/,0,1,82,0,False,False
spotify.com,https://www.spotify.com/?utm_source=hs_email&utm_medium=email&_hsenc=p2ANqtz-8Flu35Nydo3QliozCff9KbNwbdVX_fsCvudCyY9nRry-ZO1cSQ58WyPxlZGDO0-eN9-Y9j,com,www,1,/,0,3,147,0,False,False
spotify.com,https://www.spotify.com/?fref=mentions&fbclid=IwAR24eYT1bI4YWcQDj4vgqEGLKP0Rlci91PvdULBrY-fxpiCabXL8dECRXEY,com,www,1,/,0,2,107,0,False,False
spotify.com,https://www.spotify.com/?ref=blog.dougbelshaw.com,com,www,1,/,0,1,49,0,False,False
spotify.com,http://spotify.com/?ref=blog.dougbelshaw.com,com,,0,/,0,1,44,0,False,False
spotify.com,https://www.spotify.com/?ref=chrisunitt.co.uk,com,www,1,/,0,1,45,0,False,False
spotify.com,https://www.spotify.com/?ref=craftyoursound.com,com,www,1,/,0,1,47,0,False,False
spotify.com,https://www.spotify.com/?ref=danieltenner.com,com,www,1,/,0,1,45,0,False,False
spotify.com,http://spotify.com/?ref=danieltenner.com,com,,0,/,0,1,40,0,False,False
spotify.com,https://www.spotify.com/?ref=hypebot.com,com,www,1,/,0,1,40,0,False,False
spotify.com,https://www.spotify.com/?ref=makerstations.io,com,www,1,/,0,1,45,0,False,False
spotify.com,https://www.spotify.com/?ref=romanjasiek.de,com,www,1,/,0,1,43,0,False,False
spotify.com,https://www.spotify.com/?ref=siliconfilter.com,com,www,1,/,0,1,46,0,False,False
spotify.com,http://www.spotify.com/?ref=siliconfilter.com,com,www,1,/,0,1,45,0,False,False
spotify.com,https://www.spotify.com/?ref=theouut.com,com,www,1,/,0,1,40,0,False,False
spotify.com,https://www.spotify.com/?toc-variant-a=,com,www,1,/,0,1,39,0,False,False
spotify.com,http://spotify.com/?toc-variant-a=,com,,0,/,0,1,34,0,False,False
spotify.com,https://www.spotify.com/about-us/,com,www,1,/about-us/,1,0,33,1,False,False
spotify.com,http://www.spotify.com/about-us/contact/,com,www,1,/about-us/contact/,2,0,40,2,False,False
spotify.com,https://www.spotify.com/about-us/contact/,com,www,1,/about-us/contact/,2,0,41,2,False,False
spotify.com,https://www.spotify.com/about/features/,com,www,1,/about/features/,2,0,39,2,False,False
spotify.com,http://www.spotify.com/about/features/,com,www,1,/about/features/,2,0,38,2,False,False
spotify.com,https://www.spotify.com/account,com,www,1,/account,1,0,31,1,False,False
sentry.io,https://sentry.io/,io,,0,/,0,0,18,0,False,False
sentry.io,https://sentry.io/):,io,,0,/):,1,0,20,1,False,True
sentry.io,https://sentry.io/):/,io,,0,/):/,1,0,21,1,False,True
sentry.io,https://sentry.io/?ref=blog.lai.so,io,,0,/,0,1,34,0,False,False
sentry.io,https://sentry.io/?ref=blog.opencollective.com,io,,0,/,0,1,46,0,False,False
sentry.io,https://sentry.io/?ref=edwardspeak.com,io,,0,/,0,1,38,0,False,False
sentry.io,https://sentry.io/?ref=harrk.dev,io,,0,/,0,1,32,0,False,False
sentry.io,https://sentry.io/?utm_source=fyi-combinator&utm_campaign=website&utm_content=company-report,io,,0,/,0,3,92,0,False,False
sentry.io,https://sentry.io/_/tutorials/05/,io,,0,/_/tutorials/05/,3,0,33,3,True,False
sentry.io,https://sentry.io/_/tutorials/understanding-user-experience-1/,io,,0,/_/tutorials/understanding-user-experience-1/,3,0,62,3,True,False
sentry.io,https://sentry.io/about/media-resources/,io,,0,/about/media-resources/,2,0,40,2,False,False
sentry.io,https://sentry.io/about/press-releases/new-unified-sdk-for-android/,io,,0,/about/press-releases/new-unified-sdk-for-android/,3,0,67,3,False,False
sentry.io,https://sentry.io/about/press-releases/sentry-acquires-emerge-tools-to-enhance-its-mobile-app-monitoring-solution/,io,,0,/about/press-releases/sentry-acquires-emerge-tools-to-enhance-its-mobile-app-monitoring-solution/,3,0,114,3,False,False
sentry.io,https://sentry.io/about/press-releases/sentry-adds-google-web-vitals-performance-monitoring-sdks-for-php-node-ruby-and-serverless/,io,,0,/about/press-releases/sentry-adds-google-web-vitals-performance-monitoring-sdks-for-php-node-ruby-and-serverless/,3,0,130,3,False,False
sentry.io,https://sentry.io/about/press-releases/sentry-adds-performance-monitoring-for-react-native-android-and-xamarin-updates-flutter-sdk/,io,,0,/about/press-releases/sentry-adds-performance-monitoring-for-react-native-android-and-xamarin-updates-flutter-sdk/,3,0,131,3,False,False
sentry.io,https://sentry.io/about/press-releases/sentry-announces-16m-series-b-round-with-nea-and-accel/,io,,0,/about/press-releases/sentry-announces-16m-series-b-round-with-nea-and-accel/,3,0,94,3,True,False
sentry.io,https://sentry.io/about/press-releases/sentry-announces-additional-functionality-to-its-developer-first-performance-monitoring-platform-to-address-developer-actionability-gaps/,io,,0,/about/press-releases/sentry-announces-additional-functionality-to-its-developer-first-performance-monitoring-platform-to-address-developer-actionability-gaps/,3,0,176,3,False,False
sentry.io,https://sentry.io/about/press-releases/sentry-announces-enhancements-to-performance-driving-faster-time-to-resolution-while-increasing-affordability/,io,,0,/about/press-releases/sentry-announces-enhancements-to-performance-driving-faster-time-to-resolution-while-increasing-affordability/,3,0,149,3,False,False
sentry.io,https://sentry.io/about/press-releases/sentry-delivers-full-suite-of-application-monitoring-capabilities-to-javaScript-developers/,io,,0,/about/press-releases/sentry-delivers-full-suite-of-application-monitoring-capabilities-to-javaScript-developers/,3,0,130,3,False,False
sentry.io,https://sentry.io/about/press-releases/sentry-expands-code-observability-for-nextjs/,io,,0,/about/press-releases/sentry-expands-code-observability-for-nextjs/,3,0,84,3,False,False
sentry.io,https://sentry.io/about/press-releases/sentry-introduces-size-analysis/,io,,0,/about/press-releases/sentry-introduces-size-analysis/,3,0,71,3,False,False
sentry.io,https://sentry.io/about/press-releases/sentry-names-former-atlassian-leader-as-cro-amid-strong-customer-and-product-growth-in-application-health-monitoring/,io,,0,/about/press-releases/sentry-names-former-atlassian-leader-as-cro-amid-strong-customer-and-product-growth-in-application-health-monitoring/,3,0,156,3,False,False
sentry.io,https://sentry.io/answers/,io,,0,/answers/,1,0,26,1,False,False
sentry.io,https://sentry.io/answers/add-a-new-column-to-a-dataframe-in-python-pandas/,io,,0,/answers/add-a-new-column-to-a-dataframe-in-python-pandas/,2,0,75,2,False,False
sentry.io,https://sentry.io/answers/analyze-python-stack-traces/,io,,0,/answers/analyze-python-stack-traces/,2,0,54,2,False,False
sentry.io,https://sentry.io/answers/apply-permissions-to-a-directory-and-its-contents-in-linux/,io,,0,/answers/apply-permissions-to-a-directory-and-its-contents-in-linux/,2,0,85,2,False,False
sentry.io,https://sentry.io/answers/avoiding-nullpointer/,io,,0,/answers/avoiding-nullpointer/,2,0,47,2,False,False
sentry.io,https://sentry.io/answers/babel-cannot-find-module-node-path-error-react-native/,io,,0,/answers/babel-cannot-find-module-node-path-error-react-native/,2,0,80,2,False,False
sentry.io,https://sentry.io/answers/bypass-and-set-powershell-script-execution-policies/,io,,0,/answers/bypass-and-set-powershell-script-execution-policies/,2,0,78,2,False,False
sentry.io,https://sentry.io/answers/change-the-size-of-figures-drawn-with-matplotlib-in-python/,io,,0,/answers/change-the-size-of-figures-drawn-with-matplotlib-in-python/,2,0,85,2,False,False
ju.edu.jo,https://www.ju.edu.jo/%3Ciframe%20src=%22https:/www.facebook.com/plugins/post.php?href=https%3A%2F%2Fwww.facebook.com%2Funiversityofjordanofficial%2Fposts%2Fpfbid06qgrdYY9kCoXJm2ZbMrMw198rS9H7kDTWwLQGNB91MUdWzCBJd8Lmd11XKQscnogl&show_text=true&width=500%22%20width=%22500%22%20height=%22250%22%20st,jo,www,1,/%3Ciframe%20src=%22https:/www.facebook.com/plugins/post.php,4,3,298,4,True,True
ju.edu.jo,https://www.ju.edu.jo/Applications/AcadWeb.aspx,jo,www,1,/Applications/AcadWeb.aspx,2,0,47,2,False,True
ju.edu.jo,https://ju.edu.jo/Applications/Design/index_English.aspx,jo,ju,1,/Applications/Design/index_English.aspx,3,0,56,3,False,True
ju.edu.jo,https://www.ju.edu.jo/Applications/Design_Arabic/ArAcadWeb.aspx,jo,www,1,/Applications/Design_Arabic/ArAcadWeb.aspx,3,0,63,3,False,True
ju.edu.jo,https://ju.edu.jo/Applications/Design_Arabic/index.html,jo,ju,1,/Applications/Design_Arabic/index.html,3,0,55,3,False,True
ju.edu.jo,https://www.ju.edu.jo/Applications/Design_Arabic/Index_Arabic.aspx,jo,www,1,/Applications/Design_Arabic/Index_Arabic.aspx,3,0,66,3,False,True
ju.edu.jo,https://www.ju.edu.jo/Applications/Unsubscribe.aspx,jo,www,1,/Applications/Unsubscribe.aspx,2,0,51,2,False,True
ju.edu.jo,https://www.ju.edu.jo/ar/arabic/_layouts/15/DocIdRedir.aspx?ID=5RXXVVNTTX2K-654623659-607,jo,www,1,/ar/arabic/_layouts/15/DocIdRedir.aspx,5,1,89,5,True,True
ju.edu.jo,https://www.ju.edu.jo/ar/arabic/_layouts/15/DocIdRedir.aspx?ID=5RXXVVNTTX2K-654623659-824,jo,www,1,/ar/arabic/_layouts/15/DocIdRedir.aspx,5,1,89,5,True,True
ju.edu.jo,https://www.ju.edu.jo/ar/arabic/_layouts/15/DocIdRedir.aspx?ID=5RXXVVNTTX2K-654623659-825,jo,www,1,/ar/arabic/_layouts/15/DocIdRedir.aspx,5,1,89,5,True,True
ju.edu.jo,https://www.ju.edu.jo/ar/arabic/_layouts/15/DocIdRedir.aspx?ID=5RXXVVNTTX2K-654623659-826,jo,www,1,/ar/arabic/_layouts/15/DocIdRedir.aspx,5,1,89,5,True,True
ju.edu.jo,https://www.ju.edu.jo/ar/arabic/_layouts/15/DocIdRedir.aspx?ID=5RXXVVNTTX2K-654623659-827,jo,www,1,/ar/arabic/_layouts/15/DocIdRedir.aspx,5,1,89,5,True,True
ju.edu.jo,https://www.ju.edu.jo/ar/arabic/_layouts/15/DocIdRedir.aspx?ID=5RXXVVNTTX2K-654623659-828,jo,www,1,/ar/arabic/_layouts/15/DocIdRedir.aspx,5,1,89,5,True,True
ju.edu.jo,https://www.ju.edu.jo/ar/arabic/_layouts/15/DocIdRedir.aspx?ID=5RXXVVNTTX2K-654623659-829,jo,www,1,/ar/arabic/_layouts/15/DocIdRedir.aspx,5,1,89,5,True,True
ju.edu.jo,https://www.ju.edu.jo/ar/arabic/_layouts/15/DocIdRedir.aspx?ID=5RXXVVNTTX2K-654623659-907,jo,www,1,/ar/arabic/_layouts/15/DocIdRedir.aspx,5,1,89,5,True,True
ju.edu.jo,https://www.ju.edu.jo/ar/arabic/Allstrategies/%D8%A7%D9%95%D8%AC%D8%B1%D8%A7%D8%A1%D8%A7%D8%AA%20%D8%AC%D8%A7%D9%87%D8%B2%D9%8A%D8%A9%20%D8%A7%D9%84%D9%85%D8%AC%D9%85%D8%B9%D8%A7%D8%AA%20%D8%A7%D9%84%D8%AA%D8%AF%D8%B1%D9%8A%D8%B3%D9%8A%D8%A9.pdf,jo,www,1,/ar/arabic/Allstrategies/%D8%A7%D9%95%D8%AC%D8%B1%D8%A7%D8%A1%D8%A7%D8%AA%20%D8%AC%D8%A7%D9%87%D8%B2%D9%8A%D8%A9%20%D8%A7%D9%84%D9%85%D8%AC%D9%85%D8%B9%D8%A7%D8%AA%20%D8%A7%D9%84%D8%AA%D8%AF%D8%B1%D9%8A%D8%B3%D9%8A%D8%A9.pdf,4,0,245,4,True,True
ju.edu.jo,https://www.ju.edu.jo/ar/arabic/Allstrategies/%D8%A7%D9%95%D8%AC%D8%B1%D8%A7%D8%A1%D8%A7%D8%AA%20%D8%B9%D9%85%D9%84%20%D8%A7%D9%84%D9%85%D9%82%D8%B3%D9%85%20%D9%88%D8%A7%D9%84%D8%A7%D8%AA%D8%B5%D8%A7%D9%84%D8%A7%D8%AAF.pdf,jo,www,1,/ar/arabic/Allstrategies/%D8%A7%D9%95%D8%AC%D8%B1%D8%A7%D8%A1%D8%A7%D8%AA%20%D8%B9%D9%85%D9%84%20%D8%A7%D9%84%D9%85%D9%82%D8%B3%D9%85%20%D9%88%D8%A7%D9%84%D8%A7%D8%AA%D8%B5%D8%A7%D9%84%D8%A7%D8%AAF.pdf,4,0,222,4,True,True
ju.edu.jo,https://www.ju.edu.jo/ar/arabic/Allstrategies/%D8%A7%D9%95%D8%AC%D8%B1%D8%A7%D8%A1%D8%A7%D8%AA%20%D8%B9%D9%85%D9%84%20%D8%A7%D9%84%D9%86%D9%82%D9%84%20%D9%88%D8%A7%D9%84%D8%AD%D8%B1%D9%83%D8%A9%20%D9%88%D8%B5%D9%8A%D8%A7%D9%86%D8%AA%D9%87%D8%A7%20%D9%81%25D,jo,www,1,/ar/arabic/Allstrategies/%D8%A7%D9%95%D8%AC%D8%B1%D8%A7%D8%A1%D8%A7%D8%AA%20%D8%B9%D9%85%D9%84%20%D8%A7%D9%84%D9%86%D9%82%D9%84%20%D9%88%D8%A7%D9%84%D8%AD%D8%B1%D9%83%D8%A9%20%D9%88%D8%B5%D9%8A%D8%A7%D9%86%D8%AA%D9%87%D8%A7%20%D9%81%25D,4,0,257,4,True,True
ju.edu.jo,https://www.ju.edu.jo/ar/arabic/Allstrategies/F%D8%A7%D9%95%D8%AC%D8%B1%D8%A7%D8%A1%D8%A7%D8%AA%20%20%D8%A7%D9%84%D9%86%D8%B8%D8%A7%D9%81%D8%A9%20%D9%81%D9%8A%20%D8%A7%D9%84%D8%AC%D8%A7%D9%85%D8%B9%D8%A9.pdf,jo,www,1,/ar/arabic/Allstrategies/F%D8%A7%D9%95%D8%AC%D8%B1%D8%A7%D8%A1%D8%A7%D8%AA%20%20%D8%A7%D9%84%D9%86%D8%B8%D8%A7%D9%81%D8%A9%20%D9%81%D9%8A%20%D8%A7%D9%84%D8%AC%D8%A7%D9%85%D8%B9%D8%A9.pdf,4,0,207,4,True,True
ju.edu.jo,https://www.ju.edu.jo/ar/arabic/Allstrategies/F%D8%A7%D9%95%D8%AC%D8%B1%D8%A7%D8%A1%D8%A7%D8%AA%20%D8%A7%D9%84%D8%AD%D8%AF%D8%A7%D9%8A%D9%94%D9%82%20%D8%A7%D9%88%D8%A7%D9%84%D8%A8%D9%8A%D9%8A%D9%94%D8%A9%20%D9%81%D9%8A%20%D8%A7%D9%84%D8%AC%D8%A7%D9%85%D8%25,jo,www,1,/ar/arabic/Allstrategies/F%D8%A7%D9%95%D8%AC%D8%B1%D8%A7%D8%A1%D8%A7%D8%AA%20%D8%A7%D9%84%D8%AD%D8%AF%D8%A7%D9%8A%D9%94%D9%82%20%D8%A7%D9%88%D8%A7%D9%84%D8%A8%D9%8A%D9%8A%D9%94%D8%A9%20%D9%81%D9%8A%20%D8%A7%D9%84%D8%AC%D8%A7%D9%85%D8%25,4,0,257,4,True,True
ju.edu.jo,https://www.ju.edu.jo/ar/arabic/Allstrategies/F%D8%A7%D9%95%D8%AC%D8%B1%D8%A7%D8%A1%D8%A7%D8%AA%20%D8%B9%D9%85%D9%84%20%D8%A7%D9%84%D9%85%D9%82%D8%B3%D9%85%20%D9%88%D8%A7%D9%84%D8%A7%D8%AA%D8%B5%D8%A7%D9%84%D8%A7%D8%AA.pdf,jo,www,1,/ar/arabic/Allstrategies/F%D8%A7%D9%95%D8%AC%D8%B1%D8%A7%D8%A1%D8%A7%D8%AA%20%D8%B9%D9%85%D9%84%20%D8%A7%D9%84%D9%85%D9%82%D8%B3%D9%85%20%D9%88%D8%A7%D9%84%D8%A7%D8%AA%D8%B5%D8%A7%D9%84%D8%A7%D8%AA.pdf,4,0,222,4,True,True
ju.edu.jo,https://www.ju.edu.jo/ar/arabic/home.aspx,jo,www,1,/ar/arabic/home.aspx,3,0,41,3,False,True
ju.edu.jo,https://ju.edu.jo/ar/arabic/Lists/Adminstrators/Disp_form.aspx?ID=30,jo,ju,1,/ar/arabic/Lists/Adminstrators/Disp_form.aspx,5,1,68,5,False,True
ju.edu.jo,https://ju.edu.jo/ar/arabic/Lists/Announcements/All_Ann.aspx,jo,ju,1,/ar/arabic/Lists/Announcements/All_Ann.aspx,5,0,60,5,False,True
ju.edu.jo,https://ju.edu.jo/ar/arabic/Lists/Announcements/Disp_Ann.aspx?ID=109,jo,ju,1,/ar/arabic/Lists/Announcements/Disp_Ann.aspx,5,1,68,5,False,True
ju.edu.jo,https://www.ju.edu.jo/ar/arabic/Lists/Announcements/Disp_Ann.aspx?ID=111,jo,www,1,/ar/arabic/Lists/Announcements/Disp_Ann.aspx,5,1,72,5,False,True
ju.edu.jo,https://ju.edu.jo/ar/arabic/Lists/Announcements/Disp_Ann.aspx?ID=114,jo,ju,1,/ar/arabic/Lists/Announcements/Disp_Ann.aspx,5,1,68,5,False,True
ju.edu.jo,https://ju.edu.jo/ar/arabic/Lists/Announcements/Disp_Ann.aspx?ID=115,jo,ju,1,/ar/arabic/Lists/Announcements/Disp_Ann.aspx,5,1,68,5,False,True
ju.edu.jo,https://ju.edu.jo/ar/arabic/Lists/Announcements/Disp_Ann.aspx?ID=116,jo,ju,1,/ar/arabic/Lists/Announcements/Disp_Ann.aspx,5,1,68,5,False,True
ju.edu.jo,https://www.ju.edu.jo/ar/arabic/Lists/Announcements/Disp_Ann.aspx?ID=13,jo,www,1,/ar/arabic/Lists/Announcements/Disp_Ann.aspx,5,1,71,5,False,True
aau.edu.jo,http://aau.edu.jo/,jo,aau,1,/,0,0,18,0,False,False
aau.edu.jo,http://www.aau.edu.jo/ar,jo,www,1,/ar,1,0,24,1,False,False
aau.edu.jo,http://aau.edu.jo/ar,jo,aau,1,/ar,1,0,20,1,False,False
aau.edu.jo,https://www.aau.edu.jo/ar,jo,www,1,/ar,1,0,25,1,False,False
aau.edu.jo,https://www.aau.edu.jo/ar/%D8%A3%D8%B9%D9%85%D8%A7%D9%84%20%22%D8%B9%D9%85%D8%A7%D9%86%20%D8%A7%D9%84%D8%B9%D8%B1%D8%A8%D9%8A%D8%A9%22%20%D8%AA%D8%B9%D9%82%D8%AF%20%D8%AF%D9%88%D8%B1%D8%A9%20%D8%AA%D8%AF%D8%B1%D9%8A%D8%A8%D9%8A%D8%A9%20%D9%85%D8%AC%D8%A7%D9%86%D9%8A%D8%A9%20%D8%AD%D9%88%D9%84%20%D8%AA%D8%B7%D8%A8%D9%8A%D9%82%20%22%D9%83%D8%A7%D9%86%D9%81%D8%A7%22%20%D9%84%D8%AA%D8%B9%D8%B2%D9%8A%D8%B2%20%D8%A7%D9%84%D9%85%D9%87%D8%A7%D8%B1%D8%A7%D8%AA%20%D8%A7%D9%84%D8%B1%D9%82%D9%85%D9%8A%D8%A9%20%D9%88%D8%A7%D9%84%D8%AA%D8%B3%D9%88%D9%8A%D9%82%D9%8A%D8%A9%20%D9%84%D9%84%D8%B7%D9%84%D8%A8%D8%A9,jo,www,1,/ar/%D8%A3%D8%B9%D9%85%D8%A7%D9%84%20%22%D8%B9%D9%85%D8%A7%D9%86%20%D8%A7%D9%84%D8%B9%D8%B1%D8%A8%D9%8A%D8%A9%22%20%D8%AA%D8%B9%D9%82%D8%AF%20%D8%AF%D9%88%D8%B1%D8%A9%20%D8%AA%D8%AF%D8%B1%D9%8A%D8%A8%D9%8A%D8%A9%20%D9%85%D8%AC%D8%A7%D9%86%D9%8A%D8%A9%20%D8%AD%D9%88%D9%84%20%D8%AA%D8%B7%D8%A8%D9%8A%D9%82%20%22%D9%83%D8%A7%D9%86%D9%81%D8%A7%22%20%D9%84%D8%AA%D8%B9%D8%B2%D9%8A%D8%B2%20%D8%A7%D9%84%D9%85%D9%87%D8%A7%D8%B1%D8%A7%D8%AA%20%D8%A7%D9%84%D8%B1%D9%82%D9%85%D9%8A%D8%A9%20%D9%88%D8%A7%D9%84%D8%AA%D8%B3%D9%88%D9%8A%D9%82%D9%8A%D8%A9%20%D9%84%D9%84%D8%B7%D9%84%D8%A8%D8%A9,2,0,602,2,True,True
aau.edu.jo,https://aau.edu.jo/ar/%D8%A7%D8%B9%D9%84%D8%A7%D9%86%20%D9%87%D8%A7%D9%85%20-%20%D8%AC%D8%AF%D9%88%D9%84%20%D8%A7%D9%84%D8%A7%D9%85%D8%AA%D8%AD%D8%A7%D9%86%D8%A7%D8%AA%20%D8%A7%D9%84%D8%AA%D9%83%D9%85%D9%8A%D9%84%D9%8A%D8%A9%20%D9%84%D9%84%D8%B9%D8%A7%D9%85%20%D8%A7%D9%84%D8%AC%D8%A7%D9%85%D8%B9%D9%8A%202025/2024%20-%20%D9%82%D8%B3%D9%85%20%D8%A7%D9%84%D9%84%D8%BA%D8%A9%20%D8%A7%D9%84%D8%A7%D9%86%D8%AC%D9%84%D9%8A%D8%B2%D9%8A%D8%A9%20%D9%88%D8%A7%D9%84%D8%AA%D8%B1%D8%AC%D9%85%D8%A9,jo,aau,1,/ar/%D8%A7%D8%B9%D9%84%D8%A7%D9%86%20%D9%87%D8%A7%D9%85%20-%20%D8%AC%D8%AF%D9%88%D9%84%20%D8%A7%D9%84%D8%A7%D9%85%D8%AA%D8%AD%D8%A7%D9%86%D8%A7%D8%AA%20%D8%A7%D9%84%D8%AA%D9%83%D9%85%D9%8A%D9%84%D9%8A%D8%A9%20%D9%84%D9%84%D8%B9%D8%A7%D9%85%20%D8%A7%D9%84%D8%AC%D8%A7%D9%85%D8%B9%D9%8A%202025/2024%20-%20%D9%82%D8%B3%D9%85%20%D8%A7%D9%84%D9%84%D8%BA%D8%A9%20%D8%A7%D9%84%D8%A7%D9%86%D8%AC%D9%84%D9%8A%D8%B2%D9%8A%D8%A9%20%D9%88%D8%A7%D9%84%D8%AA%D8%B1%D8%AC%D9%85%D8%A9,3,0,486,3,True,True
aau.edu.jo,https://www.aau.edu.jo/ar/%D8%A7%D9%84%D8%B9%D9%85%D8%B1%D9%8A%20%D9%85%D9%86%20%22%D8%B9%D9%85%D8%A7%D9%86%20%D8%A7%D9%84%D8%B9%D8%B1%D8%A8%D9%8A%D8%A9%22%20%D8%AA%D8%B4%D8%A7%D8%B1%D9%83%20%D9%81%D9%8A%20%D9%88%D8%B1%D8%B4%D8%A9%20%D8%A8%D8%B9%D9%86%D9%88%D8%A7%D9%86%20%22%D9%83%D9%8A%D9%81%20%D9%86%D8%B9%D9%8A%D8%AF%20%D8%A7%D9%83%D8%AA%D8%B4%D8%A7%D9%81%20%D8%B9%D9%85%D9%91%D8%A7%D9%86%22,jo,www,1,/ar/%D8%A7%D9%84%D8%B9%D9%85%D8%B1%D9%8A%20%D9%85%D9%86%20%22%D8%B9%D9%85%D8%A7%D9%86%20%D8%A7%D9%84%D8%B9%D8%B1%D8%A8%D9%8A%D8%A9%22%20%D8%AA%D8%B4%D8%A7%D8%B1%D9%83%20%D9%81%D9%8A%20%D9%88%D8%B1%D8%B4%D8%A9%20%D8%A8%D8%B9%D9%86%D9%88%D8%A7%D9%86%20%22%D9%83%D9%8A%D9%81%20%D9%86%D8%B9%D9%8A%D8%AF%20%D8%A7%D9%83%D8%AA%D8%B4%D8%A7%D9%81%20%D8%B9%D9%85%D9%91%D8%A7%D9%86%22,2,0,395,2,True,True
aau.edu.jo,https://www.aau.edu.jo/ar/%D8%AA%D8%B1%D8%A8%D9%88%D9%8A%D8%A9%20%22%D8%B9%D9%85%D8%A7%D9%86%20%D8%A7%D9%84%D8%B9%D8%B1%D8%A8%D9%8A%D8%A9%22%20%D8%AA%D9%86%D9%81%D8%B0%20%D9%8A%D9%88%D9%85%D8%A7%D9%8B%20%D8%B9%D9%84%D9%85%D9%8A%D8%A7%D9%8B%20%D9%81%D9%8A%20%D8%AB%D8%A7%D9%86%D9%88%D9%8A%D8%A9%20%D8%A7%D9%84%D8%B5%D8%B1%D8%AD%20%D9%84%D9%84%D8%A8%D9%86%D8%A7%D8%AA,jo,www,1,/ar/%D8%AA%D8%B1%D8%A8%D9%88%D9%8A%D8%A9%20%22%D8%B9%D9%85%D8%A7%D9%86%20%D8%A7%D9%84%D8%B9%D8%B1%D8%A8%D9%8A%D8%A9%22%20%D8%AA%D9%86%D9%81%D8%B0%20%D9%8A%D9%88%D9%85%D8%A7%D9%8B%20%D8%B9%D9%84%D9%85%D9%8A%D8%A7%D9%8B%20%D9%81%D9%8A%20%D8%AB%D8%A7%D9%86%D9%88%D9%8A%D8%A9%20%D8%A7%D9%84%D8%B5%D8%B1%D8%AD%20%D9%84%D9%84%D8%A8%D9%86%D8%A7%D8%AA,2,0,365,2,True,True
aau.edu.jo,https://aau.edu.jo/ar/%D8%AA%D8%B1%D9%82%D9%8A%D8%A9%20%D8%A7%D9%84%D8%AF%D9%83%D8%AA%D9%88%D8%B1%20%D8%A7%D9%84%D8%B9%D8%B3%D8%A7%D9%81%20%D9%81%D9%8A%20%22%D8%B9%D9%85%D8%A7%D9%86%20%D8%A7%D9%84%D8%B9%D8%B1%D8%A8%D9%8A%D8%A9%22%20%D8%A5%D9%84%D9%89%20%D8%B1%D8%AA%D8%A8%D8%A9%20%D8%A3%D8%B3%D8%AA%D8%A7%D8%B0%20%D9%85%D8%B4%D8%A7%D8%B1%D9%83,jo,aau,1,/ar/%D8%AA%D8%B1%D9%82%D9%8A%D8%A9%20%D8%A7%D9%84%D8%AF%D9%83%D8%AA%D9%88%D8%B1%20%D8%A7%D9%84%D8%B9%D8%B3%D8%A7%D9%81%20%D9%81%D9%8A%20%22%D8%B9%D9%85%D8%A7%D9%86%20%D8%A7%D9%84%D8%B9%D8%B1%D8%A8%D9%8A%D8%A9%22%20%D8%A5%D9%84%D9%89%20%D8%B1%D8%AA%D8%A8%D8%A9%20%D8%A3%D8%B3%D8%AA%D8%A7%D8%B0%20%D9%85%D8%B4%D8%A7%D8%B1%D9%83,2,0,343,2,True,True
aau.edu.jo,https://www.aau.edu.jo/ar/%D8%AC%D8%A7%D9%85%D8%B9%D8%A9%20%D8%B9%D9%85%D8%A7%D9%86%20%D8%A7%D9%84%D8%B9%D8%B1%D8%A8%D9%8A%D8%A9%20%D8%A8%D9%88%D8%A7%D8%A8%D8%A9%20%D8%A7%D9%84%D9%85%D8%B3%D8%AA%D9%82%D8%A8%D9%84%20%D8%A7%D9%84%D8%B1%D9%82%D9%85%D9%8A%20%D9%81%D9%8A%20%D8%A7%D9%84%D8%AC%D8%A7%D9%85%D8%B9%D8%A7%D8%AA%20%D8%A7%D9%84%D8%A3%D8%B1%D8%AF%D9%86%D9%8A%D8%A9%20%D8%AA%D9%81%D8%AA%D8%AD%20%D8%A2%D9%81%D8%A7%D9%82%D9%8B%D8%A7%20%D8%AC%D8%AF%D9%8A%D8%AF%D8%A9%20%D9%84%D8%B7%D9%84%D8%A7%D8%A8%20%D9%85%D8%AF%D8%A7%D8%B1%D8%B3%20%D8%A7%D9%84%D9%82%D9%85%D8%A9,jo,www,1,/ar/%D8%AC%D8%A7%D9%85%D8%B9%D8%A9%20%D8%B9%D9%85%D8%A7%D9%86%20%D8%A7%D9%84%D8%B9%D8%B1%D8%A8%D9%8A%D8%A9%20%D8%A8%D9%88%D8%A7%D8%A8%D8%A9%20%D8%A7%D9%84%D9%85%D8%B3%D8%AA%D9%82%D8%A8%D9%84%20%D8%A7%D9%84%D8%B1%D9%82%D9%85%D9%8A%20%D9%81%D9%8A%20%D8%A7%D9%84%D8%AC%D8%A7%D9%85%D8%B9%D8%A7%D8%AA%20%D8%A7%D9%84%D8%A3%D8%B1%D8%AF%D9%86%D9%8A%D8%A9%20%D8%AA%D9%81%D8%AA%D8%AD%20%D8%A2%D9%81%D8%A7%D9%82%D9%8B%D8%A7%20%D8%AC%D8%AF%D9%8A%D8%AF%D8%A9%20%D9%84%D8%B7%D9%84%D8%A7%D8%A8%20%D9%85%D8%AF%D8%A7%D8%B1%D8%B3%20%D8%A7%D9%84%D9%82%D9%85%D8%A9,2,0,566,2,True,True
aau.edu.jo,https://www.aau.edu.jo/ar/%D8%B1%D8%A6%D9%8A%D8%B3%20%D9%85%D8%AC%D9%84%D8%B3%20%D8%A3%D9%85%D9%86%D8%A7%D8%A1%20%D8%AC%D8%A7%D9%85%D8%B9%D9%80%D8%A9%20%D8%B9%D9%85%D8%A7%D9%86%20%D8%A7%D9%84%D8%B9%D8%B1%D8%A8%D9%8A%D9%80%D9%80%D8%A9%20%D9%88%D8%A3%D8%B9%D8%B6%D8%A7%D8%A1%20%D8%A7%D9%84%D9%85%D8%AC%D9%84%D8%B3%20%D9%88%D8%B1%D8%A6%D9%8A%D8%B3%20%D9%88%D8%A3%D8%B3%D8%B1%D8%A9%20%D8%AC%D8%A7%D9%85%D8%B9%D8%A9%20%D8%B9%D9%85%D8%A7%D9%86%20%D8%A7%D9%84%D8%B9%D8%B1%D8%A8%D9%8A%D8%A9%20%D9%8A%D9%87%D9%86%D8%A6%D9%88%D9%86%20%D8%A8%D8%AD%D9%84%D9%88%D9%84%20%D8%B4%D9%87%D8%B1%20%D8%B1%D9%85%D8%B6%D8%A7%D9%86%20%D8%A7%D9%84%D9%85%D8%A8%D8%A7%D8%B1%D9%83,jo,www,1,/ar/%D8%B1%D8%A6%D9%8A%D8%B3%20%D9%85%D8%AC%D9%84%D8%B3%20%D8%A3%D9%85%D9%86%D8%A7%D8%A1%20%D8%AC%D8%A7%D9%85%D8%B9%D9%80%D8%A9%20%D8%B9%D9%85%D8%A7%D9%86%20%D8%A7%D9%84%D8%B9%D8%B1%D8%A8%D9%8A%D9%80%D9%80%D8%A9%20%D9%88%D8%A3%D8%B9%D8%B6%D8%A7%D8%A1%20%D8%A7%D9%84%D9%85%D8%AC%D9%84%D8%B3%20%D9%88%D8%B1%D8%A6%D9%8A%D8%B3%20%D9%88%D8%A3%D8%B3%D8%B1%D8%A9%20%D8%AC%D8%A7%D9%85%D8%B9%D8%A9%20%D8%B9%D9%85%D8%A7%D9%86%20%D8%A7%D9%84%D8%B9%D8%B1%D8%A8%D9%8A%D8%A9%20%D9%8A%D9%87%D9%86%D8%A6%D9%88%D9%86%20%D8%A8%D8%AD%D9%84%D9%88%D9%84%20%D8%B4%D9%87%D8%B1%20%D8%B1%D9%85%D8%B6%D8%A7%D9%86%20%D8%A7%D9%84%D9%85%D8%A8%D8%A7%D8%B1%D9%83,2,0,653,2,True,True
aau.edu.jo,https://www.aau.edu.jo/ar/%D8%B7%D9%84%D8%A8%D8%A9%20%D8%B5%D9%8A%D8%AF%D9%84%D8%A9%20%22%D8%B9%D9%85%D8%A7%D9%86%20%D8%A7%D9%84%D8%B9%D8%B1%D8%A8%D9%8A%D8%A9%22%20%D9%8A%D9%88%D8%A7%D9%83%D8%A8%D9%88%D9%86%20%D8%A7%D9%84%D8%AA%D9%82%D9%86%D9%8A%D8%A7%D8%AA%20%D8%A7%D9%84%D8%AD%D8%AF%D9%8A%D8%AB%D8%A9%20%D9%81%D9%8A%20%D9%85%D8%AE%D8%AA%D8%A8%D8%B1%D8%A7%D8%AA%20%D8%B3%D9%85%D8%A7%D8%B1%D8%AA%20%D9%84%D8%A7%D8%A8,jo,www,1,/ar/%D8%B7%D9%84%D8%A8%D8%A9%20%D8%B5%D9%8A%D8%AF%D9%84%D8%A9%20%22%D8%B9%D9%85%D8%A7%D9%86%20%D8%A7%D9%84%D8%B9%D8%B1%D8%A8%D9%8A%D8%A9%22%20%D9%8A%D9%88%D8%A7%D9%83%D8%A8%D9%88%D9%86%20%D8%A7%D9%84%D8%AA%D9%82%D9%86%D9%8A%D8%A7%D8%AA%20%D8%A7%D9%84%D8%AD%D8%AF%D9%8A%D8%AB%D8%A9%20%D9%81%D9%8A%20%D9%85%D8%AE%D8%AA%D8%A8%D8%B1%D8%A7%D8%AA%20%D8%B3%D9%85%D8%A7%D8%B1%D8%AA%20%D9%84%D8%A7%D8%A8,2,0,416,2,True,True
aau.edu.jo,https://www.aau.edu.jo/ar/%D9%84%D9%84%D9%85%D8%B1%D8%A9%20%D8%A7%D9%84%D8%AB%D8%A7%D9%86%D9%8A%D8%A9%20%D8%AC%D8%A7%D9%85%D8%B9%D8%A9%20%D8%B9%D9%85%D8%A7%D9%86%20%D8%A7%D9%84%D8%B9%D8%B1%D8%A8%D9%8A%D8%A9%20%D8%AA%D8%AA%D8%B5%D8%AF%D8%B1%20%D8%A7%D9%84%D9%85%D8%B1%D8%AA%D8%A8%D8%A9%20%D8%A7%D9%84%D8%A7%D9%88%D9%84%D9%89%20%D8%B9%D9%84%D9%89%20%D9%85%D8%B3%D8%AA%D9%88%D9%89%20%D8%A7%D9%84%D8%AC%D8%A7%D9%85%D8%B9%D8%A7%D8%AA%20%D8%A7%D9%84%D8%AE%D8%A7%D8%B5%D8%A9%20%D9%88%D8%A7%D9%84%D8%AB%D8%A7%D9%84%D8%AB%D8%A9%20%D8%B9%D9%84%D9%89%20%D9%85%D8%B3%D8%AA%D9%88%D9%89%20%D9%83%D8%A7%D9%81%D8%A9%20%D8%A7%D9%84%D8%AC%D8%A7%D9%85%D8%B9%D8%A7%D8%AA%20%D8%A7%D9%84%D8%A3%D8%B1%D8%AF%D9%86%D9%8A%D8%A9%20%D8%A8%D8%AA%D8%B5%D9%86%D9%8A%D9%81%20%D9%88%D9%8A%D8%A8%D9%88%D9%85%D9%8A%D8%AA%D8%B1%D9%83%D8%B3%20Webometrics,jo,www,1,/ar/%D9%84%D9%84%D9%85%D8%B1%D8%A9%20%D8%A7%D9%84%D8%AB%D8%A7%D9%86%D9%8A%D8%A9%20%D8%AC%D8%A7%D9%85%D8%B9%D8%A9%20%D8%B9%D9%85%D8%A7%D9%86%20%D8%A7%D9%84%D8%B9%D8%B1%D8%A8%D9%8A%D8%A9%20%D8%AA%D8%AA%D8%B5%D8%AF%D8%B1%20%D8%A7%D9%84%D9%85%D8%B1%D8%AA%D8%A8%D8%A9%20%D8%A7%D9%84%D8%A7%D9%88%D9%84%D9%89%20%D8%B9%D9%84%D9%89%20%D9%85%D8%B3%D8%AA%D9%88%D9%89%20%D8%A7%D9%84%D8%AC%D8%A7%D9%85%D8%B9%D8%A7%D8%AA%20%D8%A7%D9%84%D8%AE%D8%A7%D8%B5%D8%A9%20%D9%88%D8%A7%D9%84%D8%AB%D8%A7%D9%84%D8%AB%D8%A9%20%D8%B9%D9%84%D9%89%20%D9%85%D8%B3%D8%AA%D9%88%D9%89%20%D9%83%D8%A7%D9%81%D8%A9%20%D8%A7%D9%84%D8%AC%D8%A7%D9%85%D8%B9%D8%A7%D8%AA%20%D8%A7%D9%84%D8%A3%D8%B1%D8%AF%D9%86%D9%8A%D8%A9%20%D8%A8%D8%AA%D8%B5%D9%86%D9%8A%D9%81%20%D9%88%D9%8A%D8%A8%D9%88%D9%85%D9%8A%D8%AA%D8%B1%D9%83%D8%B3%20Webometrics,2,0,817,2,True,True
aau.edu.jo,https://www.aau.edu.jo/ar/%D9%85%D8%AD%D8%A7%D8%B6%D8%B1%D8%A9%20%D8%AA%D9%88%D8%B9%D9%88%D9%8A%D8%A9%20%D9%81%D9%8A%20%D8%AC%D8%A7%D9%85%D8%B9%D8%A9%20%D8%B9%D9%85%D8%A7%D9%86%20%D8%A7%D9%84%D8%B9%D8%B1%D8%A8%D9%8A%D8%A9%20%D8%AD%D9%88%D9%84%20%22%D8%AF%D9%88%D8%B1%20%D9%85%D9%83%D8%A7%D9%81%D8%AD%D8%A9%20%D8%A7%D9%84%D8%AC%D8%B1%D8%A7%D8%A6%D9%85%20%D8%A7%D9%84%D8%A5%D9%84%D9%83%D8%AA%D8%B1%D9%88%D9%86%D9%8A%D8%A9%20%D9%81%D9%8A%20%D8%AD%D9%85%D8%A7%D9%8A%D8%A9%20%D8%A7%D9%84%D8%B9%D9%84%D8%A7%D9%85%D8%A7%D8%AA%20%D8%A7%D9%84%D8%AA%D8%AC%D8%A7%D8%B1%D9%8A%D8%A9%22,jo,www,1,/ar/%D9%85%D8%AD%D8%A7%D8%B6%D8%B1%D8%A9%20%D8%AA%D9%88%D8%B9%D9%88%D9%8A%D8%A9%20%D9%81%D9%8A%20%D8%AC%D8%A7%D9%85%D8%B9%D8%A9%20%D8%B9%D9%85%D8%A7%D9%86%20%D8%A7%D9%84%D8%B9%D8%B1%D8%A8%D9%8A%D8%A9%20%D8%AD%D9%88%D9%84%20%22%D8%AF%D9%88%D8%B1%20%D9%85%D9%83%D8%A7%D9%81%D8%AD%D8%A9%20%D8%A7%D9%84%D8%AC%D8%B1%D8%A7%D8%A6%D9%85%20%D8%A7%D9%84%D8%A5%D9%84%D9%83%D8%AA%D8%B1%D9%88%D9%86%D9%8A%D8%A9%20%D9%81%D9%8A%20%D8%AD%D9%85%D8%A7%D9%8A%D8%A9%20%D8%A7%D9%84%D8%B9%D9%84%D8%A7%D9%85%D8%A7%D8%AA%20%D8%A7%D9%84%D8%AA%D8%AC%D8%A7%D8%B1%D9%8A%D8%A9%22,2,0,572,2,True,True
aau.edu.jo,https://www.aau.edu.jo/ar/%D9%88%D8%B1%D8%B4%D8%A9%20%D8%AA%D8%AF%D8%B1%D9%8A%D8%A8%D9%8A%D8%A9%20%D9%85%D8%AA%D8%AE%D8%B5%D8%B5%D8%A9%20%D9%81%D9%8A%20%D8%A7%D9%84%D8%B7%D8%A8%D8%A7%D8%B9%D8%A9%20%D8%AB%D9%84%D8%A7%D8%AB%D9%8A%D8%A9%20%D8%A7%D9%84%D8%A3%D8%A8%D8%B9%D8%A7%D8%AF,jo,www,1,/ar/%D9%88%D8%B1%D8%B4%D8%A9%20%D8%AA%D8%AF%D8%B1%D9%8A%D8%A8%D9%8A%D8%A9%20%D9%85%D8%AA%D8%AE%D8%B5%D8%B5%D8%A9%20%D9%81%D9%8A%20%D8%A7%D9%84%D8%B7%D8%A8%D8%A7%D8%B9%D8%A9%20%D8%AB%D9%84%D8%A7%D8%AB%D9%8A%D8%A9%20%D8%A7%D9%84%D8%A3%D8%A8%D8%B9%D8%A7%D8%AF,2,0,278,2,True,True
aau.edu.jo,http://aau.edu.jo/ar/academic_promotion,jo,aau,1,/ar/academic_promotion,2,0,39,2,False,False
aau.edu.jo,http://aau.edu.jo/ar/academics/faculty-applied-medical-sciences/%D8%A7%D8%B3%D8%AA%D8%A8%D8%A7%D9%86%D8%A7%D8%AA-%D9%82%D9%8A%D8%A7%D8%B3-%D9%85%D8%AE%D8%B1%D8%AC%D8%A7%D8%AA-%D8%A7%D9%84%D8%AA%D8%B9%D9%84%D9%85,jo,aau,1,/ar/academics/faculty-applied-medical-sciences/%D8%A7%D8%B3%D8%AA%D8%A8%D8%A7%D9%86%D8%A7%D8%AA-%D9%82%D9%8A%D8%A7%D8%B3-%D9%85%D8%AE%D8%B1%D8%AC%D8%A7%D8%AA-%D8%A7%D9%84%D8%AA%D8%B9%D9%84%D9%85,4,0,211,4,True,True
aau.edu.jo,https://www.aau.edu.jo/ar/academics/faculty-applied-medical-sciences/%D8%A7%D9%84%D8%B4%D8%B1%D9%83%D8%A7%D8%A1,jo,www,1,/ar/academics/faculty-applied-medical-sciences/%D8%A7%D9%84%D8%B4%D8%B1%D9%83%D8%A7%D8%A1,4,0,111,4,True,True
aau.edu.jo,http://aau.edu.jo/ar/academics/faculty-applied-medical-sciences/%D8%A7%D9%84%D8%B4%D8%B1%D9%83%D8%A7%D8%A1,jo,aau,1,/ar/academics/faculty-applied-medical-sciences/%D8%A7%D9%84%D8%B4%D8%B1%D9%83%D8%A7%D8%A1,4,0,106,4,True,True
aau.edu.jo,http://aau.edu.jo/ar/academics/faculty-applied-medical-sciences/alhykl-altnzymy,jo,aau,1,/ar/academics/faculty-applied-medical-sciences/alhykl-altnzymy,4,0,79,4,False,False
aau.edu.jo,http://aau.edu.jo/ar/academics/faculty-applied-medical-sciences/klmt-almyd,jo,aau,1,/ar/academics/faculty-applied-medical-sciences/klmt-almyd,4,0,74,4,False,False
aau.edu.jo,http://aau.edu.jo/ar/academics/faculty-applied-medical-sciences/ljan-wmjals-alklyt,jo,aau,1,/ar/academics/faculty-applied-medical-sciences/ljan-wmjals-alklyt,4,0,82,4,False,False
aau.edu.jo,http://aau.edu.jo/ar/academics/faculty-applied-medical-sciences/qsm-allwm-altbyt,jo,aau,1,/ar/academics/faculty-applied-medical-sciences/qsm-allwm-altbyt,4,0,80,4,False,False
aau.edu.jo,https://www.aau.edu.jo/ar/academics/faculty-arts-and-sciences/almrafq,jo,www,1,/ar/academics/faculty-arts-and-sciences/almrafq,4,0,69,4,False,False
aau.edu.jo,https://www.aau.edu.jo/ar/academics/faculty-arts-and-sciences/alrwyt-walrsalt-walghayat,jo,www,1,/ar/academics/faculty-arts-and-sciences/alrwyt-walrsalt-walghayat,4,0,87,4,False,False
aau.edu.jo,https://www.aau.edu.jo/ar/academics/faculty-arts-and-sciences/qsm-allwm-alasasyt-alansanyt-wallmyt,jo,www,1,/ar/academics/faculty-arts-and-sciences/qsm-allwm-alasasyt-alansanyt-wallmyt,4,0,98,4,False,False
aau.edu.jo,https://aau.edu.jo/ar/academics/faculty-aviation-sciences/%D8%A7%D8%AA%D8%B5%D9%84-%D8%A8%D9%86%D8%A7,jo,aau,1,/ar/academics/faculty-aviation-sciences/%D8%A7%D8%AA%D8%B5%D9%84-%D8%A8%D9%86%D8%A7,4,0,101,4,True,True
aau.edu.jo,https://www.aau.edu.jo/ar/academics/faculty-aviation-sciences/klmt-almyd,jo,www,1,/ar/academics/faculty-aviation-sciences/klmt-almyd,4,0,72,4,False,False
aau.edu.jo,http://aau.edu.jo/ar/academics/faculty-aviation-sciences/n-alklyt,jo,aau,1,/ar/academics/faculty-aviation-sciences/n-alklyt,4,0,65,4,False,False
aau.edu.jo,https://www.aau.edu.jo/ar/academics/faculty-aviation-sciences/n-alklyt,jo,www,1,/ar/academics/faculty-aviation-sciences/n-alklyt,4,0,70,4,False,False
ccd.gov.jo,https://ccd.gov.jo/,jo,ccd,1,/,0,0,19,0,False,False
ccd.gov.jo,https://www.ccd.gov.jo/AR/List/%D8%A7%D9%84%D8%A5%D8%B9%D8%B3%D8%A7%D8%B1,jo,www,1,/AR/List/%D8%A7%D9%84%D8%A5%D8%B9%D8%B3%D8%A7%D8%B1,3,0,73,3,True,True
ccd.gov.jo,https://www.ccd.gov.jo/Ar/List/%D8%A7%D9%84%D9%85%D8%B1%D8%A7%D9%82%D8%A8_%D8%A7%D9%84%D8%B9%D8%A7%D9%85_%D9%84%D9%84%D8%B4%D8%B1%D9%83%D8%A7%D8%AA,jo,www,1,/Ar/List/%D8%A7%D9%84%D9%85%D8%B1%D8%A7%D9%82%D8%A8_%D8%A7%D9%84%D8%B9%D8%A7%D9%85_%D9%84%D9%84%D8%B4%D8%B1%D9%83%D8%A7%D8%AA,3,0,147,3,True,True
ccd.gov.jo,https://www.ccd.gov.jo/Ar/List/%D8%A7%D9%84%D9%85%D8%B3%D8%AA%D9%81%D9%8A%D8%AF_%D8%A7%D9%84%D8%AD%D9%82%D9%8A%D9%82%D9%8A_%D9%85%D9%86_%D8%A7%D9%84%D8%B4%D8%B1%D9%83%D8%A9,jo,www,1,/Ar/List/%D8%A7%D9%84%D9%85%D8%B3%D8%AA%D9%81%D9%8A%D8%AF_%D8%A7%D9%84%D8%AD%D9%82%D9%8A%D9%82%D9%8A_%D9%85%D9%86_%D8%A7%D9%84%D8%B4%D8%B1%D9%83%D8%A9,3,0,172,3,True,True
ccd.gov.jo,https://www.ccd.gov.jo/Ar/List/%D8%AF%D9%84%D9%8A%D9%84__%D8%A7%D9%84%D9%86%D9%85%D8%A7%D8%B0%D8%AC,jo,www,1,/Ar/List/%D8%AF%D9%84%D9%8A%D9%84__%D8%A7%D9%84%D9%86%D9%85%D8%A7%D8%B0%D8%AC,3,0,99,3,True,True
ccd.gov.jo,https://www.ccd.gov.jo/Ar/List/%D9%85%D8%AF%D9%8A%D8%B1%D9%8A%D8%A7%D8%AA_%D8%A7%D9%84%D8%AF%D8%A7%D8%A6%D8%B1%D8%A9,jo,www,1,/Ar/List/%D9%85%D8%AF%D9%8A%D8%B1%D9%8A%D8%A7%D8%AA_%D8%A7%D9%84%D8%AF%D8%A7%D8%A6%D8%B1%D8%A9,3,0,116,3,True,True
ccd.gov.jo,https://www.ccd.gov.jo/AR/ListDetails/%D8%AF%D9%84%D9%8A%D9%84_%D8%A7%D9%84%D8%AE%D8%AF%D9%85%D8%A7%D8%AA/1095/2,jo,www,1,/AR/ListDetails/%D8%AF%D9%84%D9%8A%D9%84_%D8%A7%D9%84%D8%AE%D8%AF%D9%85%D8%A7%D8%AA/1095/2,5,0,112,5,True,True
ccd.gov.jo,https://www.ccd.gov.jo/AR/ListDetails/%D8%AF%D9%84%D9%8A%D9%84__%D8%A7%D9%84%D9%86%D9%85%D8%A7%D8%B0%D8%AC/1094/1,jo,www,1,/AR/ListDetails/%D8%AF%D9%84%D9%8A%D9%84__%D8%A7%D9%84%D9%86%D9%85%D8%A7%D8%B0%D8%AC/1094/1,5,0,113,5,True,True
ccd.gov.jo,https://www.ccd.gov.jo/AR/ListDetails/%D8%AF%D9%84%D9%8A%D9%84__%D8%A7%D9%84%D9%86%D9%85%D8%A7%D8%B0%D8%AC/1094/5,jo,www,1,/AR/ListDetails/%D8%AF%D9%84%D9%8A%D9%84__%D8%A7%D9%84%D9%86%D9%85%D8%A7%D8%B0%D8%AC/1094/5,5,0,113,5,True,True
ccd.gov.jo,https://ccd.gov.jo/AR/ListDetails/%D9%88%D8%B8%D8%A7%D8%A6%D9%81_%D8%B4%D8%A7%D8%BA%D8%B1%D8%A9/1088/19,jo,ccd,1,/AR/ListDetails/%D9%88%D8%B8%D8%A7%D8%A6%D9%81_%D8%B4%D8%A7%D8%BA%D8%B1%D8%A9/1088/19,5,0,103,5,True,True
ccd.gov.jo,https://ccd.gov.jo/AR/ListDetails/%D9%88%D8%B8%D8%A7%D8%A6%D9%81_%D8%B4%D8%A7%D8%BA%D8%B1%D8%A9/1088/20,jo,ccd,1,/AR/ListDetails/%D9%88%D8%B8%D8%A7%D8%A6%D9%81_%D8%B4%D8%A7%D8%BA%D8%B1%D8%A9/1088/20,5,0,103,5,True,True
ccd.gov.jo,https://ccd.gov.jo/AR/ListDetails/%D9%88%D8%B8%D8%A7%D8%A6%D9%81_%D8%B4%D8%A7%D8%BA%D8%B1%D8%A9/1088/22,jo,ccd,1,/AR/ListDetails/%D9%88%D8%B8%D8%A7%D8%A6%D9%81_%D8%B4%D8%A7%D8%BA%D8%B1%D8%A9/1088/22,5,0,103,5,True,True
ccd.gov.jo,https://ccd.gov.jo/AR/ListDetails/%D9%88%D8%B8%D8%A7%D8%A6%D9%81_%D8%B4%D8%A7%D8%BA%D8%B1%D8%A9/1088/23,jo,ccd,1,/AR/ListDetails/%D9%88%D8%B8%D8%A7%D8%A6%D9%81_%D8%B4%D8%A7%D8%BA%D8%B1%D8%A9/1088/23,5,0,103,5,True,True
ccd.gov.jo,https://ccd.gov.jo/AR/ListDetails/%D9%88%D8%B8%D8%A7%D8%A6%D9%81_%D8%B4%D8%A7%D8%BA%D8%B1%D8%A9/1088/24,jo,ccd,1,/AR/ListDetails/%D9%88%D8%B8%D8%A7%D8%A6%D9%81_%D8%B4%D8%A7%D8%BA%D8%B1%D8%A9/1088/24,5,0,103,5,True,True
ccd.gov.jo,https://ccd.gov.jo/AR/ListDetails/%D9%88%D8%B8%D8%A7%D8%A6%D9%81_%D8%B4%D8%A7%D8%BA%D8%B1%D8%A9/1088/26,jo,ccd,1,/AR/ListDetails/%D9%88%D8%B8%D8%A7%D8%A6%D9%81_%D8%B4%D8%A7%D8%BA%D8%B1%D8%A9/1088/26,5,0,103,5,True,True
ccd.gov.jo,https://ccd.gov.jo/AR/ListDetails/%D9%88%D8%B8%D8%A7%D8%A6%D9%81_%D8%B4%D8%A7%D8%BA%D8%B1%D8%A9/1088/27,jo,ccd,1,/AR/ListDetails/%D9%88%D8%B8%D8%A7%D8%A6%D9%81_%D8%B4%D8%A7%D8%BA%D8%B1%D8%A9/1088/27,5,0,103,5,True,True
ccd.gov.jo,https://ccd.gov.jo/AR/ListDetails/legal_framework/1102/4,jo,ccd,1,/AR/ListDetails/legal_framework/1102/4,5,0,56,5,True,False
ccd.gov.jo,https://www.ccd.gov.jo/AR/Modules/FAQ,jo,www,1,/AR/Modules/FAQ,3,0,37,3,False,False
ccd.gov.jo,https://www.ccd.gov.jo/ar/Modules/VideoGallery,jo,www,1,/ar/Modules/VideoGallery,3,0,46,3,False,False
ccd.gov.jo,https://ccd.gov.jo/AR/NewsDetails/%D8%A7%D8%B3%D8%AA%D9%82%D8%A8%D9%84%D8%AA_%D8%AF%D8%A7%D8%A6%D8%B1%D8%A9_%D9%85%D8%B1%D8%A7%D9%82%D8%A8%D8%A9_%D8%A7%D9%84%D8%B4%D8%B1%D9%83%D8%A7%D8%AA_%D9%85%D8%AC%D9%85%D9%88%D8%B9%D8%A9_%D9%85%D9%86_%D8%B7%D9%84%D8%A8%D8%A9_%D8%A7%D9%84%D8%AC%D8%A7%D9%85%D8%B9%D8%A9_%D8%A7%D9%84%D9%87%D8%A7%D8%B4%D9%85%D9%8A%D8%A9_%D9%81%D9%8A_%D8%B2%D9%8A%D8%A7%D8%B1%D8%A9_%D9%85%D9%8A%D8%AF%D8%A7%D9%86%D9%8A%D8%A9,jo,ccd,1,/AR/NewsDetails/%D8%A7%D8%B3%D8%AA%D9%82%D8%A8%D9%84%D8%AA_%D8%AF%D8%A7%D8%A6%D8%B1%D8%A9_%D9%85%D8%B1%D8%A7%D9%82%D8%A8%D8%A9_%D8%A7%D9%84%D8%B4%D8%B1%D9%83%D8%A7%D8%AA_%D9%85%D8%AC%D9%85%D9%88%D8%B9%D8%A9_%D9%85%D9%86_%D8%B7%D9%84%D8%A8%D8%A9_%D8%A7%D9%84%D8%AC%D8%A7%D9%85%D8%B9%D8%A9_%D8%A7%D9%84%D9%87%D8%A7%D8%B4%D9%85%D9%8A%D8%A9_%D9%81%D9%8A_%D8%B2%D9%8A%D8%A7%D8%B1%D8%A9_%D9%85%D9%8A%D8%AF%D8%A7%D9%86%D9%8A%D8%A9,3,0,441,3,True,True
ccd.gov.jo,https://ccd.gov.jo/AR/NewsDetails/%D9%85%D8%AC%D9%85%D9%88%D8%B9%D8%A9_%D9%85%D9%86_%D9%88%D9%83%D9%84%D8%A7%D8%A1_%D8%A7%D9%84%D8%A5%D8%B9%D8%B3%D8%A7%D8%B1_%D9%8A%D8%A4%D8%AF%D9%88%D9%86_%D8%A7%D9%84%D9%82%D8%B3%D9%85_%D8%A3%D9%85%D8%A7%D9%85_%D9%84%D8%AC%D9%86%D8%A9_%D9%88%D9%83%D9%84%D8%A7%D8%A1_%D8%A7%D9%84%D8%A5%D8%B9%D8%B3%D8%A7%D8%B1,jo,ccd,1,/AR/NewsDetails/%D9%85%D8%AC%D9%85%D9%88%D8%B9%D8%A9_%D9%85%D9%86_%D9%88%D9%83%D9%84%D8%A7%D8%A1_%D8%A7%D9%84%D8%A5%D8%B9%D8%B3%D8%A7%D8%B1_%D9%8A%D8%A4%D8%AF%D9%88%D9%86_%D8%A7%D9%84%D9%82%D8%B3%D9%85_%D8%A3%D9%85%D8%A7%D9%85_%D9%84%D8%AC%D9%86%D8%A9_%D9%88%D9%83%D9%84%D8%A7%D8%A1_%D8%A7%D9%84%D8%A5%D8%B9%D8%B3%D8%A7%D8%B1,3,0,343,3,True,True
ccd.gov.jo,https://www.ccd.gov.jo/Ar/Pages/%D8%A7%D8%AA%D8%B5%D9%84_%D8%A8%D9%86%D8%A7,jo,www,1,/Ar/Pages/%D8%A7%D8%AA%D8%B5%D9%84_%D8%A8%D9%86%D8%A7,3,0,75,3,True,True
ccd.gov.jo,https://ccd.gov.jo/Ar/Pages/%D8%A7%D9%84%D8%A3%D9%86%D8%B8%D9%85%D8%A9,jo,ccd,1,/Ar/Pages/%D8%A7%D9%84%D8%A3%D9%86%D8%B8%D9%85%D8%A9,3,0,70,3,True,True
ccd.gov.jo,https://www.ccd.gov.jo/AR/Pages/%D8%A7%D9%84%D8%A5%D9%8A%D8%AF%D8%A7%D8%B9%D8%A7%D8%AA_%D9%88%D8%A7%D9%84%D8%AA%D8%B9%D8%AF%D9%8A%D9%84%D8%A7%D8%AA_%D8%A7%D9%84%D9%82%D8%A7%D9%86%D9%88%D9%86%D9%8A%D8%A9_%D9%84%D8%B4%D8%B1%D9%83%D8%A9_%D9%82%D8%A7%D8%A6%D9%85%D8%A9,jo,www,1,/AR/Pages/%D8%A7%D9%84%D8%A5%D9%8A%D8%AF%D8%A7%D8%B9%D8%A7%D8%AA_%D9%88%D8%A7%D9%84%D8%AA%D8%B9%D8%AF%D9%8A%D9%84%D8%A7%D8%AA_%D8%A7%D9%84%D9%82%D8%A7%D9%86%D9%88%D9%86%D9%8A%D8%A9_%D9%84%D8%B4%D8%B1%D9%83%D8%A9_%D9%82%D8%A7%D8%A6%D9%85%D8%A9,3,0,264,3,True,True
ccd.gov.jo,https://ccd.gov.jo/Ar/Pages/%D8%A7%D9%84%D9%87%D9%8A%D9%83%D9%84_%D8%A7%D9%84%D8%AA%D9%86%D8%B8%D9%8A%D9%85%D9%8A,jo,ccd,1,/Ar/Pages/%D8%A7%D9%84%D9%87%D9%8A%D9%83%D9%84_%D8%A7%D9%84%D8%AA%D9%86%D8%B8%D9%8A%D9%85%D9%8A,3,0,113,3,True,True
ccd.gov.jo,https://www.ccd.gov.jo/AR/Pages/%D8%AD%D9%82%D9%88%D9%82_%D8%A7%D9%84%D9%86%D8%B4%D8%B1,jo,www,1,/AR/Pages/%D8%AD%D9%82%D9%88%D9%82_%D8%A7%D9%84%D9%86%D8%B4%D8%B1,3,0,87,3,True,True
ccd.gov.jo,https://ccd.gov.jo/AR/Pages/%D8%BA%D8%A7%D9%8A%D8%A7%D8%AA_%D8%A7%D9%84%D8%A3%D9%86%D8%B4%D8%B7%D8%A9_%D8%A7%D9%84%D8%A7%D9%82%D8%AA%D8%B5%D8%A7%D8%AF%D9%8A%D8%A9_%D9%88%D8%A7%D9%84%D9%85%D9%88%D8%A7%D9%81%D9%82%D8%A7%D8%AA,jo,ccd,1,/AR/Pages/%D8%BA%D8%A7%D9%8A%D8%A7%D8%AA_%D8%A7%D9%84%D8%A3%D9%86%D8%B4%D8%B7%D8%A9_%D8%A7%D9%84%D8%A7%D9%82%D8%AA%D8%B5%D8%A7%D8%AF%D9%8A%D8%A9_%D9%88%D8%A7%D9%84%D9%85%D9%88%D8%A7%D9%81%D9%82%D8%A7%D8%AA,3,0,223,3,True,True
ccd.gov.jo,https://ccd.gov.jo/AR/Pages/%D9%82%D8%A7%D9%86%D9%88%D9%86_%D8%A7%D9%84%D8%A7%D8%B9%D8%B3%D8%A7%D8%B1_%D8%B1%D9%82%D9%85_21_%D9%84%D8%B3%D9%86%D8%A9_2018,jo,ccd,1,/AR/Pages/%D9%82%D8%A7%D9%86%D9%88%D9%86_%D8%A7%D9%84%D8%A7%D8%B9%D8%B3%D8%A7%D8%B1_%D8%B1%D9%82%D9%85_21_%D9%84%D8%B3%D9%86%D8%A9_2018,3,0,153,3,True,True
ccd.gov.jo,https://ccd.gov.jo/Ar/Pages/E_Inquiry_Services,jo,ccd,1,/Ar/Pages/E_Inquiry_Services,3,0,46,3,False,False
ccd.gov.jo,https://ccd.gov.jo/Ar/Pages/EServices,jo,ccd,1,/Ar/Pages/EServices,3,0,37,3,False,False
spac.gov.jo,https://spac.gov.jo/Ar/CustomForms/ObtainInformationForm,jo,spac,1,/Ar/CustomForms/ObtainInformationForm,3,0,56,3,False,False
spac.gov.jo,https://spac.gov.jo/AR/List/%D8%A7%D9%84%D9%86%D9%85%D8%A7%D8%B0%D8%AC_%D8%A7%D9%84%D8%AE%D8%A7%D8%B5%D8%A9_%D8%A8%D8%A7%D9%84%D8%AF%D9%88%D8%A7%D9%85_%D8%A7%D9%84%D8%B1%D8%B3%D9%85%D9%8A,jo,spac,1,/AR/List/%D8%A7%D9%84%D9%86%D9%85%D8%A7%D8%B0%D8%AC_%D8%A7%D9%84%D8%AE%D8%A7%D8%B5%D8%A9_%D8%A8%D8%A7%D9%84%D8%AF%D9%88%D8%A7%D9%85_%D8%A7%D9%84%D8%B1%D8%B3%D9%85%D9%8A,3,0,187,3,True,True
spac.gov.jo,https://spac.gov.jo/AR/List/%D9%86%D9%85%D8%A7%D8%B0%D8%AC_%D8%A7%D9%84%D8%A7%D8%B1%D8%B4%D8%A7%D8%AF_%D8%A7%D9%84%D9%88%D8%B8%D9%8A%D9%81%D9%8A?View=2250,jo,spac,1,/AR/List/%D9%86%D9%85%D8%A7%D8%B0%D8%AC_%D8%A7%D9%84%D8%A7%D8%B1%D8%B4%D8%A7%D8%AF_%D8%A7%D9%84%D9%88%D8%B8%D9%8A%D9%81%D9%8A,3,1,154,3,True,True
spac.gov.jo,https://spac.gov.jo/AR/List/%D9%86%D9%85%D8%A7%D8%B0%D8%AC_%D8%A7%D9%84%D8%A7%D8%B3%D8%AA%D9%82%D8%B7%D8%A7%D8%A8_%D9%88%D8%A7%D9%84%D8%AA%D8%B9%D9%8A%D9%8A%D9%86,jo,spac,1,/AR/List/%D9%86%D9%85%D8%A7%D8%B0%D8%AC_%D8%A7%D9%84%D8%A7%D8%B3%D8%AA%D9%82%D8%B7%D8%A7%D8%A8_%D9%88%D8%A7%D9%84%D8%AA%D8%B9%D9%8A%D9%8A%D9%86,3,0,162,3,True,True
spac.gov.jo,https://spac.gov.jo/AR/List/%D9%86%D9%85%D8%A7%D8%B0%D8%AC_%D8%AA%D8%AE%D8%B7%D9%8A%D8%B7_%D8%A7%D9%84%D9%85%D9%88%D8%A7%D8%B1%D8%AF_%D8%A7%D9%84%D8%A8%D8%B4%D8%B1%D9%8A%D8%A9?View=2247,jo,spac,1,/AR/List/%D9%86%D9%85%D8%A7%D8%B0%D8%AC_%D8%AA%D8%AE%D8%B7%D9%8A%D8%B7_%D8%A7%D9%84%D9%85%D9%88%D8%A7%D8%B1%D8%AF_%D8%A7%D9%84%D8%A8%D8%B4%D8%B1%D9%8A%D8%A9,3,1,185,3,True,True
spac.gov.jo,https://spac.gov.jo/AR/List/%D9%86%D9%85%D8%A7%D8%B0%D8%AC_%D8%AA%D9%82%D9%8A%D9%8A%D9%85_%D8%A7%D9%84%D8%A7%D8%AF%D8%A7%D8%A1?View=2242,jo,spac,1,/AR/List/%D9%86%D9%85%D8%A7%D8%B0%D8%AC_%D8%AA%D9%82%D9%8A%D9%8A%D9%85_%D8%A7%D9%84%D8%A7%D8%AF%D8%A7%D8%A1,3,1,136,3,True,True
spac.gov.jo,https://spac.gov.jo/AR/Pages/%D8%AE%D8%AF%D9%85%D8%A9_%D8%AA%D8%B9%D8%AF%D9%8A%D9%84_%D8%A8%D9%8A%D8%A7%D9%86%D8%A7%D8%AA_%D8%B7%D9%84%D8%A8_%D8%A7%D9%84%D8%AA%D9%88%D8%B8%D9%8A%D9%81,jo,spac,1,/AR/Pages/%D8%AE%D8%AF%D9%85%D8%A9_%D8%AA%D8%B9%D8%AF%D9%8A%D9%84_%D8%A8%D9%8A%D8%A7%D9%86%D8%A7%D8%AA_%D8%B7%D9%84%D8%A8_%D8%A7%D9%84%D8%AA%D9%88%D8%B8%D9%8A%D9%81,3,0,183,3,True,True
spac.gov.jo,https://www.spac.gov.jo/Default/Ar/,jo,www,1,/Default/Ar/,2,0,35,2,False,False
spac.gov.jo,https://spac.gov.jo/ErrorPages/Expired.html,jo,spac,1,/ErrorPages/Expired.html,2,0,43,2,False,True
spac.gov.jo,https://www.spac.gov.jo/robots.txt,jo,www,1,/robots.txt,1,0,34,1,False,True
spac.gov.jo,https://spac.gov.jo/robots.txt,jo,spac,1,/robots.txt,1,0,30,1,False,True
moi.gov.jo,http://www.moi.gov.jo/(X(1)S(uvugzgsmaerhsv3oi4nihmh1))/Pages/viewpage.aspx?pageID=196,jo,www,1,/(X(1)S(uvugzgsmaerhsv3oi4nihmh1))/Pages/viewpage.aspx,3,1,86,3,True,True
moi.gov.jo,https://moi.gov.jo/AR/ListDetails/%D8%A7%D9%84%D9%85%D8%AD%D8%A7%D9%81%D8%B8%D8%A7%D8%AA_%D9%88%D8%A7%D9%84%D9%85%D8%B1%D8%A7%D9%83%D8%B2_%D8%A7%D9%84%D8%A5%D8%AF%D8%A7%D8%B1%D9%8A%D8%A9/54/4,jo,moi,1,/AR/ListDetails/%D8%A7%D9%84%D9%85%D8%AD%D8%A7%D9%81%D8%B8%D8%A7%D8%AA_%D9%88%D8%A7%D9%84%D9%85%D8%B1%D8%A7%D9%83%D8%B2_%D8%A7%D9%84%D8%A5%D8%AF%D8%A7%D8%B1%D9%8A%D8%A9/54/4,5,0,191,5,True,True
moi.gov.jo,http://www.moi.gov.jo/Default/En;jsessionid=IMVRu6O2MgbnYXLVpa7WnfIC2oRIbmFB2Rim3yDo-_8g-8tZi5iJ!1566159688,jo,www,1,/Default/En,2,0,107,2,False,False
moi.gov.jo,https://www.moi.gov.jo/Default/En;jsessionid=IMVRu6O2MgbnYXLVpa7WnfIC2oRIbmFB2Rim3yDo-_8g-8tZi5iJ!1566159688,jo,www,1,/Default/En,2,0,108,2,False,False
moi.gov.jo,https://www.moi.gov.jo/En/NewsDetails/Minister_of_Interior_Visits_Bani_Kinanah_District_Governorate_in_Irbid_Governorate,jo,www,1,/En/NewsDetails/Minister_of_Interior_Visits_Bani_Kinanah_District_Governorate_in_Irbid_Governorate,3,0,120,3,False,False
moi.gov.jo,https://moi.gov.jo/robots.txt,jo,moi,1,/robots.txt,1,0,29,1,False,True
moi.gov.jo,https://www.moi.gov.jo/robots.txt,jo,www,1,/robots.txt,1,0,33,1,False,True
moi.gov.jo,http://www.moi.gov.jo/robots.txt,jo,www,1,/robots.txt,1,0,32,1,False,True
moi.gov.jo,https://eservices.moi.gov.jo/MOI_EVISA/;jsessionid=3xgQTovvzfAgeVguUAdmT0-0O9eU73aY7wk1uXRrdkfMlbw9tXyg!1450918403,jo,eservices,1,/MOI_EVISA/,1,0,114,1,False,False
moi.gov.jo,https://eservices.moi.gov.jo/MOI_EVISA/;jsessionid=IBKj1pWo509g7qXC6iM4PTS3wieJ4zDE0mB52gt4wHdTql4YaRt4!-712502535,jo,eservices,1,/MOI_EVISA/,1,0,114,1,False,False
moi.gov.jo,https://eservices.moi.gov.jo/MOI_EVISA/;jsessionid=jf2Rl8woHHXbghf1rdie5wHx_ehgVpHeVnPH69MM7WdfQFdjdjfb!-401331365,jo,eservices,1,/MOI_EVISA/,1,0,114,1,False,False
moi.gov.jo,https://eservices.moi.gov.jo/MOI_EVISA/;jsessionid=M8x7T9IAatnXuaIGVzZm0CEbOWcVsRLZHplM4TzKNhYuAgVrgRr1!1309777305,jo,eservices,1,/MOI_EVISA/,1,0,114,1,False,False
moi.gov.jo,https://eservices.moi.gov.jo/MOI_EVISA/;jsessionid=o3xei5BHtaFAsz_kfyi4vCh3kvRBOEBQ7E3ajsC49_Kb1GKYo-0e!244196247,jo,eservices,1,/MOI_EVISA/,1,0,113,1,False,False
moi.gov.jo,https://eservices.moi.gov.jo/MOI_EVISA/;jsessionid=OIfKMa52rEpFoxeaXSCKIljYSlTjF3NgO6MSjre76hV_HueXsJug!-1718141509,jo,eservices,1,/MOI_EVISA/,1,0,115,1,False,False
moi.gov.jo,https://eservices.moi.gov.jo/MOI_EVISA/;jsessionid=RUaOcod6rvtih1UUDS0mGKY3uY0GoMd64DoJHH4JzhuSYK5cOEqO!-704263151,jo,eservices,1,/MOI_EVISA/,1,0,114,1,False,False
moi.gov.jo,https://eservices.moi.gov.jo/MOI_EVISA/afr/blank.html;jsessionid=IMVRu6O2MgbnYXLVpa7WnfIC2oRIbmFB2Rim3yDo-_8g-8tZi5iJ!1566159688,jo,eservices,1,/MOI_EVISA/afr/blank.html,3,0,128,3,False,True
moi.gov.jo,https://eservices.moi.gov.jo/MOI_EVISA/faces/Pages/Runnables/;jsessionid=hKGjv0-xqn_H_5avk7eh_ix6kQexXm5NmaJFLlDQvlxat6-49qpU!-1082057834,jo,eservices,1,/MOI_EVISA/faces/Pages/Runnables/,4,0,137,4,False,False
moi.gov.jo,https://eservices.moi.gov.jo/MOI_EVISA/faces/Pages/Runnables/;jsessionid=IMVRu6O2MgbnYXLVpa7WnfIC2oRIbmFB2Rim3yDo-_8g-8tZi5iJ!1566159688,jo,eservices,1,/MOI_EVISA/faces/Pages/Runnables/,4,0,136,4,False,False
moi.gov.jo,https://eservices.moi.gov.jo/MOI_EVISA/faces/Pages/Runnables/login.jsf;jsessionid=Cce9QbD-YSdX1tPPEzA6SeLA4ut5X_D2L1nhy3rK5wVz2iZQ1ZyP!1762138430,jo,eservices,1,/MOI_EVISA/faces/Pages/Runnables/login.jsf,5,0,145,5,False,True
psd.gov.jo,https://www.psd.gov.jo/ar-jo/%D8%A7%D9%84%D8%B3%D9%84%D8%A7%D9%85%D8%A9-%D8%A7%D9%84%D9%85%D8%B1%D9%88%D8%B1%D9%8A%D8%A9/,jo,www,1,/ar-jo/%D8%A7%D9%84%D8%B3%D9%84%D8%A7%D9%85%D8%A9-%D8%A7%D9%84%D9%85%D8%B1%D9%88%D8%B1%D9%8A%D8%A9/,2,0,121,2,True,True
psd.gov.jo,https://www.psd.gov.jo/ar-jo/%D8%A7%D9%84%D9%85%D8%AD%D8%AA%D9%88%D9%89/%D8%A3%D8%B1%D8%B4%D9%8A%D9%81-%D8%A7%D9%84%D8%A3%D8%AE%D8%A8%D8%A7%D8%B1/%D8%A7%D9%84%D8%A3%D9%85%D9%86-%D8%A7%D9%84%D8%B9%D8%A7%D9%85-%D9%88-%D8%A7%D9%84%D8%A3%D8%AD%D9%88%D8%A7%D9%84-%D8%A7%D9%84%D9%85%D8%AF%D9%86%D9%8A%D8%A9-%D9%8A%D9%88%D9%82%D8%B9%D8%A7%D9%86-%D9%85%D8%B0%D9%83%D8%B1%D8%A9-%D8%AA%D9%81%D8%A7%D9%87%D9%85-%D9%84%D8%AA%D8%B9%D8%B2%D9%8A%D8%B2-%D8%A7%D9%84%D8%AA%D8%B9%D8%A7%D9%88%D9%86-%D9%88%D8%A7%D9%84%D8%AA%D9%86%D8%B3%D9%8A%D9%82-%D9%88%D8%AA%D8%AC%D9%88%D9%8A%D8%AF-%D8%A7%D9%84%D8%AE%D8%AF%D9%85%D8%A9/,jo,www,1,/ar-jo/%D8%A7%D9%84%D9%85%D8%AD%D8%AA%D9%88%D9%89/%D8%A3%D8%B1%D8%B4%D9%8A%D9%81-%D8%A7%D9%84%D8%A3%D8%AE%D8%A8%D8%A7%D8%B1/%D8%A7%D9%84%D8%A3%D9%85%D9%86-%D8%A7%D9%84%D8%B9%D8%A7%D9%85-%D9%88-%D8%A7%D9%84%D8%A3%D8%AD%D9%88%D8%A7%D9%84-%D8%A7%D9%84%D9%85%D8%AF%D9%86%D9%8A%D8%A9-%D9%8A%D9%88%D9%82%D8%B9%D8%A7%D9%86-%D9%85%D8%B0%D9%83%D8%B1%D8%A9-%D8%AA%D9%81%D8%A7%D9%87%D9%85-%D9%84%D8%AA%D8%B9%D8%B2%D9%8A%D8%B2-%D8%A7%D9%84%D8%AA%D8%B9%D8%A7%D9%88%D9%86-%D9%88%D8%A7%D9%84%D8%AA%D9%86%D8%B3%D9%8A%D9%82-%D9%88%D8%AA%D8%AC%D9%88%D9%8A%D8%AF-%D8%A7%D9%84%D8%AE%D8%AF%D9%85%D8%A9/,4,0,603,4,True,True
psd.gov.jo,https://www.psd.gov.jo/ar-jo/%D8%A7%D9%84%D9%85%D8%AD%D8%AA%D9%88%D9%89/%D8%A3%D8%B1%D8%B4%D9%8A%D9%81-%D8%A7%D9%84%D8%A3%D8%AE%D8%A8%D8%A7%D8%B1/?page=111&NT=&SC=&MC=,jo,www,1,/ar-jo/%D8%A7%D9%84%D9%85%D8%AD%D8%AA%D9%88%D9%89/%D8%A3%D8%B1%D8%B4%D9%8A%D9%81-%D8%A7%D9%84%D8%A3%D8%AE%D8%A8%D8%A7%D8%B1/,3,4,167,3,True,True
psd.gov.jo,https://www.psd.gov.jo/ar-jo/%D8%A7%D9%84%D9%85%D8%AD%D8%AA%D9%88%D9%89/%D8%A3%D8%B1%D8%B4%D9%8A%D9%81-%D8%A7%D9%84%D8%A3%D8%AE%D8%A8%D8%A7%D8%B1/?page=116&NT=&SC=&MC=,jo,www,1,/ar-jo/%D8%A7%D9%84%D9%85%D8%AD%D8%AA%D9%88%D9%89/%D8%A3%D8%B1%D8%B4%D9%8A%D9%81-%D8%A7%D9%84%D8%A3%D8%AE%D8%A8%D8%A7%D8%B1/,3,4,167,3,True,True
psd.gov.jo,https://www.psd.gov.jo/ar-jo/%D8%A7%D9%84%D9%85%D8%AD%D8%AA%D9%88%D9%89/%D8%A3%D8%B1%D8%B4%D9%8A%D9%81-%D8%A7%D9%84%D8%A3%D8%AE%D8%A8%D8%A7%D8%B1/?page=44&NT=&SC=&MC=,jo,www,1,/ar-jo/%D8%A7%D9%84%D9%85%D8%AD%D8%AA%D9%88%D9%89/%D8%A3%D8%B1%D8%B4%D9%8A%D9%81-%D8%A7%D9%84%D8%A3%D8%AE%D8%A8%D8%A7%D8%B1/,3,4,166,3,True,True
psd.gov.jo,https://psd.gov.jo/ar-jo/%D8%A7%D9%84%D9%85%D8%AD%D8%AA%D9%88%D9%89/%D8%A7%D9%84%D9%85%D8%A8%D8%A7%D8%AF%D8%B1%D8%A7%D8%AA/%D9%85%D8%AF%D9%8A%D8%B1%D9%8A%D8%A9-%D8%A7%D9%84%D8%A3%D9%85%D9%86-%D8%A7%D9%84%D8%B9%D8%A7%D9%85-%D8%AA%D8%B7%D9%84%D9%82-%D8%A8%D8%B1%D9%86%D8%A7%D9%85%D8%AC-%D8%A7%D9%84%D9%85%D8%B3%D8%B9%D9%81-%D8%A7%D9%84%D8%B5%D8%BA%D9%8A%D8%B1-%D9%84%D8%AA%D8%B9%D8%B2%D9%8A%D8%B2-%D8%AB%D9%82%D8%A7%D9%81%D8%A9-%D8%A7%D9%84%D8%B3-%D9%84%D8%A7%D9%85%D8%A9-%D9%88%D8%A7%D9%84%D8%A5%D8%B3%D8%B9%D8%A7%D9%81-%D9%84%D8%AF%D9%89-%D8%B7%D9%84%D8%A8%D8%A9-%D8%A7%D9%84%D9%85%D8%AF%D8%A7%D8%B1%D8%B3-%D9%88%D8%A8%D8%A7%D9%84%D8%AA%D8%B9%D8%A7%D9%88%D9%86-%D9%85%D8%B9-%D9%88%D8%B2%D8%A7%D8%B1%D8%A9-%D8%A7%D9%84%D8%AA%D8%B1%D8%A8%D9%8A%D8%A9-%D9%88%D8%A7%D9%84%D8%AA%D8%B9%D9%84%D9%8A%D9%85/,jo,psd,1,/ar-jo/%D8%A7%D9%84%D9%85%D8%AD%D8%AA%D9%88%D9%89/%D8%A7%D9%84%D9%85%D8%A8%D8%A7%D8%AF%D8%B1%D8%A7%D8%AA/%D9%85%D8%AF%D9%8A%D8%B1%D9%8A%D8%A9-%D8%A7%D9%84%D8%A3%D9%85%D9%86-%D8%A7%D9%84%D8%B9%D8%A7%D9%85-%D8%AA%D8%B7%D9%84%D9%82-%D8%A8%D8%B1%D9%86%D8%A7%D9%85%D8%AC-%D8%A7%D9%84%D9%85%D8%B3%D8%B9%D9%81-%D8%A7%D9%84%D8%B5%D8%BA%D9%8A%D8%B1-%D9%84%D8%AA%D8%B9%D8%B2%D9%8A%D8%B2-%D8%AB%D9%82%D8%A7%D9%81%D8%A9-%D8%A7%D9%84%D8%B3-%D9%84%D8%A7%D9%85%D8%A9-%D9%88%D8%A7%D9%84%D8%A5%D8%B3%D8%B9%D8%A7%D9%81-%D9%84%D8%AF%D9%89-%D8%B7%D9%84%D8%A8%D8%A9-%D8%A7%D9%84%D9%85%D8%AF%D8%A7%D8%B1%D8%B3-%D9%88%D8%A8%D8%A7%D9%84%D8%AA%D8%B9%D8%A7%D9%88%D9%86-%D9%85%D8%B9-%D9%88%D8%B2%D8%A7%D8%B1%D8%A9-%D8%A7%D9%84%D8%AA%D8%B1%D8%A8%D9%8A%D8%A9-%D9%88%D8%A7%D9%84%D8%AA%D8%B9%D9%84%D9%8A%D9%85/,4,0,797,4,True,True
psd.gov.jo,https://psd.gov.jo/ar-jo/%D8%A8%D8%B1%D9%82%D9%8A%D8%A7%D8%AA-%D8%A7%D9%84%D9%86%D8%B9%D9%8A/?page=3&NT=&SC=&MC=,jo,psd,1,/ar-jo/%D8%A8%D8%B1%D9%82%D9%8A%D8%A7%D8%AA-%D8%A7%D9%84%D9%86%D8%B9%D9%8A/,2,4,112,2,True,True
psd.gov.jo,https://www.psd.gov.jo/ar-jo/%D8%A8%D8%B1%D9%82%D9%8A%D8%A7%D8%AA-%D8%A7%D9%84%D9%86%D8%B9%D9%8A/?page=37&NT=&SC=&MC=,jo,www,1,/ar-jo/%D8%A8%D8%B1%D9%82%D9%8A%D8%A7%D8%AA-%D8%A7%D9%84%D9%86%D8%B9%D9%8A/,2,4,117,2,True,True
psd.gov.jo,https://mail.psd.gov.jo/owa/,jo,mail,1,/owa/,1,0,28,1,False,False
moh.gov.jo,https://www.moh.gov.jo/ar/alhussein/AnnouncementDetails/38/615,jo,www,1,/ar/alhussein/AnnouncementDetails/38/615,5,0,62,5,True,False
moh.gov.jo,https://moh.gov.jo/ar/balqahd/AnnouncementDetails/67/522,jo,moh,1,/ar/balqahd/AnnouncementDetails/67/522,5,0,56,5,True,False
moh.gov.jo,https://moh.gov.jo/ar/balqahd/SubSitePages/67/27,jo,moh,1,/ar/balqahd/SubSitePages/67/27,5,0,48,5,True,False
moh.gov.jo,https://www.moh.gov.jo/en/alkarak/InfoPageDaynamic/52/492,jo,www,1,/en/alkarak/InfoPageDaynamic/52/492,5,0,57,5,True,False
moh.gov.jo,https://www.moh.gov.jo/en/tafeilehhd/InfoPageDaynamic/68/61,jo,www,1,/en/tafeilehhd/InfoPageDaynamic/68/61,5,0,59,5,True,False
moh.gov.jo,https://www.moh.gov.jo/robots.txt,jo,www,1,/robots.txt,1,0,33,1,False,True
moh.gov.jo,https://moh.gov.jo/robots.txt,jo,moh,1,/robots.txt,1,0,29,1,False,True
moh.gov.jo,https://app2.moh.gov.jo:4443/chest/faces/query;jsessionid=GMyRGLpoKCBLugcPCc8qswuPIbUZmlhzDRGhPDtyxPrxai46TQvq!1248436585,jo,app2,1,/chest/faces/query,3,0,121,3,False,False
moh.gov.jo,https://app2.moh.gov.jo:4443/robots.txt,jo,app2,1,/robots.txt,1,0,39,1,False,True
moh.gov.jo,https://jmmsr.moh.gov.jo/,jo,jmmsr,1,/,0,0,25,0,False,False
moh.gov.jo,https://jmmsr.moh.gov.jo/Account/Login,jo,jmmsr,1,/Account/Login,2,0,38,2,False,False
moh.gov.jo,https://jmmsr.moh.gov.jo/Account/Login.aspx?ReturnUrl=%2F,jo,jmmsr,1,/Account/Login.aspx,2,1,57,2,False,True
moh.gov.jo,https://jmmsr.moh.gov.jo/Account/Login?ReturnUrl=%2F,jo,jmmsr,1,/Account/Login,2,1,52,2,False,False
moh.gov.jo,https://jmmsr.moh.gov.jo/robots.txt,jo,jmmsr,1,/robots.txt,1,0,35,1,False,True
youtube.jo,https://youtube.jo/,jo,,0,/,0,0,19,0,False,False
youtube.jo,http://youtube.jo/,jo,,0,/,0,0,18,0,False,False
youtube.jo,https://www.youtube.jo/,jo,www,1,/,0,0,23,0,False,False
youtube.jo,http://www.youtube.jo/,jo,www,1,/,0,0,22,0,False,False
youtube.jo,https://youtube.jo/robots.txt,jo,,0,/robots.txt,1,0,29,1,False,True
youtube.jo,http://youtube.jo/robots.txt,jo,,0,/robots.txt,1,0,28,1,False,True
youtube.jo,https://www.youtube.jo/robots.txt,jo,www,1,/robots.txt,1,0,33,1,False,True
youtube.jo,http://www.youtube.jo/robots.txt,jo,www,1,/robots.txt,1,0,32,1,False,True
jordannews.jo,https://www.jordannews.jo/,jo,www,1,/,0,0,26,0,False,False
jordannews.jo,https://www.jordannews.jo/Author/48/Mohannad-Abbas-Haddadin,jo,www,1,/Author/48/Mohannad-Abbas-Haddadin,3,0,59,3,True,False
jordannews.jo,https://www.jordannews.jo/Author/79/Razan-Abdelhadi,jo,www,1,/Author/79/Razan-Abdelhadi,3,0,51,3,True,False
jordannews.jo,https://www.jordannews.jo/Category/6/Opinion-Analysis,jo,www,1,/Category/6/Opinion-Analysis,3,0,53,3,True,False
jordannews.jo,https://www.jordannews.jo/News-Letter,jo,www,1,/News-Letter,1,0,37,1,False,False
jordannews.jo,https://www.jordannews.jo/robots.txt,jo,www,1,/robots.txt,1,0,36,1,False,True
jordannews.jo,https://jordannews.jo/robots.txt,jo,,0,/robots.txt,1,0,32,1,False,True
jordannews.jo,https://www.jordannews.jo/Section-101/Good-Food/10-Foods-That-May-Help-You-Skip-Vitamin-B-Supplements-48877,jo,www,1,/Section-101/Good-Food/10-Foods-That-May-Help-You-Skip-Vitamin-B-Supplements-48877,3,0,107,3,True,False
jordannews.jo,https://www.jordannews.jo/Section-101/Good-Food/5-Apple-Varieties-Rich-in-Fiber-to-Support-Digestion-and-Gut-Health-49275,jo,www,1,/Section-101/Good-Food/5-Apple-Varieties-Rich-in-Fiber-to-Support-Digestion-and-Gut-Health-49275,3,0,121,3,True,False
jordannews.jo,https://www.jordannews.jo/Section-101/Good-Food/5-Plant-Based-Foods-Rich-in-Calcium-That-Rival-Dairy-Products-42054,jo,www,1,/Section-101/Good-Food/5-Plant-Based-Foods-Rich-in-Calcium-That-Rival-Dairy-Products-42054,3,0,115,3,True,False
jordannews.jo,https://www.jordannews.jo/Section-101/Good-Food/6-Spices-That-Boost-Energy-and-Support-Immune-Health-48900,jo,www,1,/Section-101/Good-Food/6-Spices-That-Boost-Energy-and-Support-Immune-Health-48900,3,0,106,3,True,False
jordannews.jo,https://www.jordannews.jo/Section-101/Good-Food/7-Iron-Rich-Foods-as-Alternatives-to-Dietary-Supplements-48211,jo,www,1,/Section-101/Good-Food/7-Iron-Rich-Foods-as-Alternatives-to-Dietary-Supplements-48211,3,0,110,3,True,False
jordannews.jo,https://www.jordannews.jo/Section-101/Good-Food/7-Refreshing-Foods-to-Keep-Your-Kids-Cool-This-Summer-Benefits-and-How-to-Prepare-Them-43148,jo,www,1,/Section-101/Good-Food/7-Refreshing-Foods-to-Keep-Your-Kids-Cool-This-Summer-Benefits-and-How-to-Prepare-Them-43148,3,0,140,3,True,False
jordannews.jo,https://www.jordannews.jo/Section-101/Good-Food/8-Amazing-Benefits-of-Eating-a-Spoonful-of-Honey-Every-Morning-You-Won-t-Believe-the-Impact-48318,jo,www,1,/Section-101/Good-Food/8-Amazing-Benefits-of-Eating-a-Spoonful-of-Honey-Every-Morning-You-Won-t-Believe-the-Impact-48318,3,0,145,3,True,False
jordannews.jo,https://www.jordannews.jo/Section-101/Good-Food/9-Prebiotic-Snacks-to-Support-Gut-Health-49231,jo,www,1,/Section-101/Good-Food/9-Prebiotic-Snacks-to-Support-Gut-Health-49231,3,0,94,3,True,False
jordannews.jo,https://www.jordannews.jo/Section-101/Good-Food/At-The-Pit-the-smoke-is-hard-to-miss-6002,jo,www,1,/Section-101/Good-Food/At-The-Pit-the-smoke-is-hard-to-miss-6002,3,0,89,3,True,False
jordannews.jo,https://www.jordannews.jo/Section-101/Good-Food/Bar-in-the-Back-A-different-place-for-the-epicureans-10826,jo,www,1,/Section-101/Good-Food/Bar-in-the-Back-A-different-place-for-the-epicureans-10826,3,0,106,3,True,False
jordannews.jo,https://www.jordannews.jo/Section-101/Good-Food/Benefits-of-Ashwagandha-for-Diabetes-Patients-48842,jo,www,1,/Section-101/Good-Food/Benefits-of-Ashwagandha-for-Diabetes-Patients-48842,3,0,99,3,True,False
jordannews.jo,https://www.jordannews.jo/Section-101/Good-Food/Chestnut-Your-friendly-neighborhood-bar-20969,jo,www,1,/Section-101/Good-Food/Chestnut-Your-friendly-neighborhood-bar-20969,3,0,93,3,True,False
jordannews.jo,https://www.jordannews.jo/Section-101/Good-Food/Dates-with-Milk-at-Iftar-A-Smart-Energy-Boost-that-Regulates-Sugar-and-Protects-the-Heart-49033,jo,www,1,/Section-101/Good-Food/Dates-with-Milk-at-Iftar-A-Smart-Energy-Boost-that-Regulates-Sugar-and-Protects-the-Heart-49033,3,0,143,3,True,False
jordannews.jo,https://www.jordannews.jo/Section-101/Good-Food/Dietary-Fats-Which-Harm-Your-Liver-And-How-to-Protect-It-49322,jo,www,1,/Section-101/Good-Food/Dietary-Fats-Which-Harm-Your-Liver-And-How-to-Protect-It-49322,3,0,110,3,True,False
jordannews.jo,https://www.jordannews.jo/Section-101/Good-Food/Eggs-vs-Salmon-Which-Is-Better-for-Blood-Pressure-and-Cholesterol-48484,jo,www,1,/Section-101/Good-Food/Eggs-vs-Salmon-Which-Is-Better-for-Blood-Pressure-and-Cholesterol-48484,3,0,119,3,True,False
jordannews.jo,https://www.jordannews.jo/Section-101/Good-Food/Five-Foods-That-Outperform-Garlic-in-Boosting-Immunity-48685,jo,www,1,/Section-101/Good-Food/Five-Foods-That-Outperform-Garlic-in-Boosting-Immunity-48685,3,0,108,3,True,False
jordannews.jo,https://www.jordannews.jo/Section-101/Good-Food/Foods-Containing-More-Calcium-Than-a-Glass-of-Milk-49323,jo,www,1,/Section-101/Good-Food/Foods-Containing-More-Calcium-Than-a-Glass-of-Milk-49323,3,0,104,3,True,False
jordannews.jo,https://www.jordannews.jo/Section-101/Good-Food/Foods-That-Become-Risky-When-Reheated-Learn-About-Them-41204,jo,www,1,/Section-101/Good-Food/Foods-That-Become-Risky-When-Reheated-Learn-About-Them-41204,3,0,108,3,True,False
jordannews.jo,https://www.jordannews.jo/Section-101/Good-Food/From-Apricots-to-Dates-Why-You-Should-Add-Stone-Fruits-to-Your-Diet-49386,jo,www,1,/Section-101/Good-Food/From-Apricots-to-Dates-Why-You-Should-Add-Stone-Fruits-to-Your-Diet-49386,3,0,121,3,True,False
jordannews.jo,https://www.jordannews.jo/Section-101/Good-Food/Health-Benefits-of-Magnesium-Often-Overlooked-48735,jo,www,1,/Section-101/Good-Food/Health-Benefits-of-Magnesium-Often-Overlooked-48735,3,0,99,3,True,False
jordannews.jo,https://www.jordannews.jo/Section-101/Good-Food/Healthy-Ways-to-Maximize-the-Benefits-of-Nuts-48533,jo,www,1,/Section-101/Good-Food/Healthy-Ways-to-Maximize-the-Benefits-of-Nuts-48533,3,0,99,3,True,False
jordannews.jo,https://www.jordannews.jo/Section-101/Good-Food/How-Does-Food-Help-Combat-Stress-42963,jo,www,1,/Section-101/Good-Food/How-Does-Food-Help-Combat-Stress-42963,3,0,86,3,True,False
jordannews.jo,https://www.jordannews.jo/Section-101/Good-Food/How-to-Make-Kofta-with-Tahini-48766,jo,www,1,/Section-101/Good-Food/How-to-Make-Kofta-with-Tahini-48766,3,0,83,3,True,False
jaf.mil.jo,https://jaf.mil.jo/,jo,jaf,1,/,0,0,19,0,False,False
jaf.mil.jo,https://www.jaf.mil.jo/Activit1.aspx?NewsId=52227,jo,www,1,/Activit1.aspx,1,1,49,1,True,True
jaf.mil.jo,https://jaf.mil.jo/Activit1.aspx?NewsId=57287,jo,jaf,1,/Activit1.aspx,1,1,45,1,True,True
jaf.mil.jo,https://www.jaf.mil.jo/Activit1.aspx?NewsId=59544,jo,www,1,/Activit1.aspx,1,1,49,1,True,True
jaf.mil.jo,https://www.jaf.mil.jo/Activit1.aspx?NewsId=60728,jo,www,1,/Activit1.aspx,1,1,49,1,True,True
jaf.mil.jo,https://jaf.mil.jo/Activit2.aspx?NewsId=59923,jo,jaf,1,/Activit2.aspx,1,1,45,1,True,True
jaf.mil.jo,https://jaf.mil.jo/Activit2.aspx?NewsId=59962,jo,jaf,1,/Activit2.aspx,1,1,45,1,True,True
jaf.mil.jo,https://www.jaf.mil.jo/Activit2.aspx?NewsId=60731,jo,www,1,/Activit2.aspx,1,1,49,1,True,True
jaf.mil.jo,https://www.jaf.mil.jo/Activit2.aspx?NewsId=60738,jo,www,1,/Activit2.aspx,1,1,49,1,True,True
jaf.mil.jo,https://www.jaf.mil.jo/Activit2.aspx?NewsId=60740,jo,www,1,/Activit2.aspx,1,1,49,1,True,True
jaf.mil.jo,https://www.jaf.mil.jo/Activit2.aspx?NewsId=60772,jo,www,1,/Activit2.aspx,1,1,49,1,True,True
jaf.mil.jo,https://www.jaf.mil.jo/Activits1.aspx,jo,www,1,/Activits1.aspx,1,0,37,1,True,True
jaf.mil.jo,https://www.jaf.mil.jo/Announcement.aspx?NewsId=59623,jo,www,1,/Announcement.aspx,1,1,53,1,False,True
jaf.mil.jo,https://jaf.mil.jo/Announcement.aspx?NewsId=59662,jo,jaf,1,/Announcement.aspx,1,1,49,1,False,True
jaf.mil.jo,https://www.jaf.mil.jo/Announcement.aspx?NewsId=59754,jo,www,1,/Announcement.aspx,1,1,53,1,False,True
jaf.mil.jo,https://www.jaf.mil.jo/Announcement.aspx?NewsId=59886,jo,www,1,/Announcement.aspx,1,1,53,1,False,True
jaf.mil.jo,https://jaf.mil.jo/Announcement.aspx?NewsId=59948,jo,jaf,1,/Announcement.aspx,1,1,49,1,False,True
jaf.mil.jo,https://jaf.mil.jo/Announcement.aspx?NewsId=60356,jo,jaf,1,/Announcement.aspx,1,1,49,1,False,True
jaf.mil.jo,https://www.jaf.mil.jo/Announcement.aspx?NewsId=60774,jo,www,1,/Announcement.aspx,1,1,53,1,False,True
jaf.mil.jo,https://www.jaf.mil.jo/Announcement.aspx?NewsId=60781,jo,www,1,/Announcement.aspx,1,1,53,1,False,True
jaf.mil.jo,https://www.jaf.mil.jo/Announcement.aspx?NewsId=60787,jo,www,1,/Announcement.aspx,1,1,53,1,False,True
jaf.mil.jo,https://jaf.mil.jo/Announcementen.aspx?NewsId=60645,jo,jaf,1,/Announcementen.aspx,1,1,51,1,False,True
jaf.mil.jo,https://jaf.mil.jo/Announcementen.aspx?NewsId=60691,jo,jaf,1,/Announcementen.aspx,1,1,51,1,False,True
jaf.mil.jo,https://jaf.mil.jo/Announcementen.aspx?NewsId=60710,jo,jaf,1,/Announcementen.aspx,1,1,51,1,False,True
jaf.mil.jo,https://www.jaf.mil.jo/AnnouncementsAR.aspx,jo,www,1,/AnnouncementsAR.aspx,1,0,43,1,False,True
jaf.mil.jo,https://jaf.mil.jo/ContentsTemplateC/annual_reportAR.aspx,jo,jaf,1,/ContentsTemplateC/annual_reportAR.aspx,2,0,57,2,False,True
jaf.mil.jo,https://www.jaf.mil.jo/ContentstemplateC/Armed_Forces_Observers.aspx,jo,www,1,/ContentstemplateC/Armed_Forces_Observers.aspx,2,0,68,2,False,True
jaf.mil.jo,https://jaf.mil.jo/ContentstemplateC/Commanders_and_chiefs_of_staff_arab_army.aspx,jo,jaf,1,/ContentstemplateC/Commanders_and_chiefs_of_staff_arab_army.aspx,2,0,82,2,False,True
jaf.mil.jo,https://jaf.mil.jo/ContentstemplateC/Commanders_and_chiefs_of_staff_arab_armyar.aspx,jo,jaf,1,/ContentstemplateC/Commanders_and_chiefs_of_staff_arab_armyar.aspx,2,0,84,2,False,True
jaf.mil.jo,https://www.jaf.mil.jo/ContentstemplateC/Contact_Us.aspx,jo,www,1,/ContentstemplateC/Contact_Us.aspx,2,0,56,2,False,True
youtube.com.jo,https://youtube.com.jo/redirect?q=https://summersontheyard.com,jo,youtube,1,/redirect,1,1,62,1,False,False
youtube.com.jo,https://youtube.com.jo/robots.txt,jo,youtube,1,/robots.txt,1,0,33,1,False,True
capitalbank.jo,https://www.capitalbank.jo/ar/institutional/corporate/banking-programs/european-investment-bank,jo,www,1,/ar/institutional/corporate/banking-programs/european-investment-bank,5,0,95,5,False,False
capitalbank.jo,https://www.capitalbank.jo/ar/personal/,jo,www,1,/ar/personal/,2,0,39,2,False,False
capitalbank.jo,https://www.capitalbank.jo/ar/personal/bank-offers/savings,jo,www,1,/ar/personal/bank-offers/savings,4,0,58,4,False,False
capitalbank.jo,https://www.capitalbank.jo/en/personal/about-us,jo,www,1,/en/personal/about-us,3,0,47,3,False,False
capitalbank.jo,https://www.capitalbank.jo/en/personal/about-us/media-centre/ryalize,jo,www,1,/en/personal/about-us/media-centre/ryalize,5,0,68,5,False,False
capitalbank.jo,https://www.capitalbank.jo/en/personal/bank-offers/rj,jo,www,1,/en/personal/bank-offers/rj,4,0,53,4,False,False
capitalbank.jo,https://www.capitalbank.jo/robots.txt,jo,www,1,/robots.txt,1,0,37,1,False,True
mgc-gas.jo,https://mgc-gas.jo/,jo,,0,/,0,0,19,0,False,False
mgc-gas.jo,https://www.mgc-gas.jo/,jo,www,1,/,0,0,23,0,False,False
mgc-gas.jo,https://mgc-gas.jo/gasStations/our-station-location,jo,,0,/gasStations/our-station-location,2,0,51,2,False,False
mgc-gas.jo,https://www.mgc-gas.jo/News/%D8%A7%D9%84%D8%AF%D8%B9%D9%88%D8%A9-%D9%84%D8%A7%D8%AC%D8%AA%D9%85%D8%A7%D8%B9-%D8%A7%D9%84%D9%87%D9%8A%D8%A6%D8%A94,jo,www,1,/News/%D8%A7%D9%84%D8%AF%D8%B9%D9%88%D8%A9-%D9%84%D8%A7%D8%AC%D8%AA%D9%85%D8%A7%D8%B9-%D8%A7%D9%84%D9%87%D9%8A%D8%A6%D8%A94,2,0,145,2,True,True
mgc-gas.jo,https://mgc-gas.jo/News/3,jo,,0,/News/3,2,0,25,2,True,False
mgc-gas.jo,https://mgc-gas.jo/News/Archive/2014/Sept,jo,,0,/News/Archive/2014/Sept,4,0,41,4,True,False
mgc-gas.jo,https://mgc-gas.jo/News/Archive/2015/May,jo,,0,/News/Archive/2015/May,4,0,40,4,True,False
mgc-gas.jo,https://mgc-gas.jo/News/Archive/2016/Feb,jo,,0,/News/Archive/2016/Feb,4,0,40,4,True,False
mgc-gas.jo,https://mgc-gas.jo/News/Archive/2016/Sept,jo,,0,/News/Archive/2016/Sept,4,0,41,4,True,False
mgc-gas.jo,https://mgc-gas.jo/News/Archive/2017/May,jo,,0,/News/Archive/2017/May,4,0,40,4,True,False
mgc-gas.jo,https://mgc-gas.jo/News/Archive/2018,jo,,0,/News/Archive/2018,3,0,36,3,True,False
mgc-gas.jo,https://mgc-gas.jo/News/Archive/2018/Apr,jo,,0,/News/Archive/2018/Apr,4,0,40,4,True,False
mgc-gas.jo,https://mgc-gas.jo/News/Archive/2018/Aug,jo,,0,/News/Archive/2018/Aug,4,0,40,4,True,False
mgc-gas.jo,https://mgc-gas.jo/News/Archive/2018/Dec,jo,,0,/News/Archive/2018/Dec,4,0,40,4,True,False
mgc-gas.jo,https://mgc-gas.jo/News/Archive/2019,jo,,0,/News/Archive/2019,3,0,36,3,True,False
mgc-gas.jo,https://mgc-gas.jo/News/Archive/2019/Jan,jo,,0,/News/Archive/2019/Jan,4,0,40,4,True,False
mgc-gas.jo,https://mgc-gas.jo/News/Archive/2019/Nov,jo,,0,/News/Archive/2019/Nov,4,0,40,4,True,False
mgc-gas.jo,https://mgc-gas.jo/News/Archive/2020/July,jo,,0,/News/Archive/2020/July,4,0,41,4,True,False
mgc-gas.jo,https://mgc-gas.jo/News/Archive/2020/June,jo,,0,/News/Archive/2020/June,4,0,41,4,True,False
mgc-gas.jo,https://mgc-gas.jo/News/Archive/2020/Oct,jo,,0,/News/Archive/2020/Oct,4,0,40,4,True,False
mgc-gas.jo,https://mgc-gas.jo/News/Archive/2021,jo,,0,/News/Archive/2021,3,0,36,3,True,False
mgc-gas.jo,https://mgc-gas.jo/News/Archive/2021/Feb,jo,,0,/News/Archive/2021/Feb,4,0,40,4,True,False
mgc-gas.jo,https://mgc-gas.jo/News/Archive/2021/July,jo,,0,/News/Archive/2021/July,4,0,41,4,True,False
mgc-gas.jo,https://mgc-gas.jo/News/Archive/2023/Jan,jo,,0,/News/Archive/2023/Jan,4,0,40,4,True,False
mgc-gas.jo,https://mgc-gas.jo/News/Archive/2023/July,jo,,0,/News/Archive/2023/July,4,0,41,4,True,False
mgc-gas.jo,https://mgc-gas.jo/News/Archive/2023/May,jo,,0,/News/Archive/2023/May,4,0,40,4,True,False
mgc-gas.jo,https://mgc-gas.jo/News/Archive/2025/Nov,jo,,0,/News/Archive/2025/Nov,4,0,40,4,True,False
mgc-gas.jo,https://mgc-gas.jo/News/manaseer-group-distributed-bags-of-salt-to,jo,,0,/News/manaseer-group-distributed-bags-of-salt-to,2,0,66,2,False,False
mgc-gas.jo,https://mgc-gas.jo/News/new-ev-manaseer-al-hosn-station-at-your-service,jo,,0,/News/new-ev-manaseer-al-hosn-station-at-your-service,2,0,71,2,False,False
mgc-gas.jo,https://mgc-gas.jo/News/new-gas-station-abu-alanda-at-your-service,jo,,0,/News/new-gas-station-abu-alanda-at-your-service,2,0,66,2,False,False
bathandbodyworks.jo,https://www.bathandbodyworks.jo/en/buy-adrenaline-3-1-hair-face-body-wash,jo,www,1,/en/buy-adrenaline-3-1-hair-face-body-wash,2,0,73,2,True,False
bathandbodyworks.jo,https://www.bathandbodyworks.jo/en/buy-adrenaline-body-spray,jo,www,1,/en/buy-adrenaline-body-spray,2,0,60,2,False,False
bathandbodyworks.jo,https://www.bathandbodyworks.jo/en/buy-adrenaline-cologne,jo,www,1,/en/buy-adrenaline-cologne,2,0,57,2,False,False
bathandbodyworks.jo,https://www.bathandbodyworks.jo/en/buy-adrenaline-pocketbac-hand-sanitizer,jo,www,1,/en/buy-adrenaline-pocketbac-hand-sanitizer,2,0,74,2,False,False
bathandbodyworks.jo,https://www.bathandbodyworks.jo/en/buy-adrenaline-shea-butter-cleansing-bar,jo,www,1,/en/buy-adrenaline-shea-butter-cleansing-bar,2,0,75,2,False,False
bathandbodyworks.jo,https://www.bathandbodyworks.jo/en/buy-adrenaline-single-wick-candle,jo,www,1,/en/buy-adrenaline-single-wick-candle,2,0,68,2,False,False
bathandbodyworks.jo,https://www.bathandbodyworks.jo/en/buy-adrenaline-ultimate-hydration-body-cream,jo,www,1,/en/buy-adrenaline-ultimate-hydration-body-cream,2,0,79,2,False,False
bathandbodyworks.jo,https://www.bathandbodyworks.jo/en/buy-after-dark-body-wash,jo,www,1,/en/buy-after-dark-body-wash,2,0,59,2,False,False
bathandbodyworks.jo,https://www.bathandbodyworks.jo/en/buy-after-dark-cologne-1,jo,www,1,/en/buy-after-dark-cologne-1,2,0,59,2,True,False
bathandbodyworks.jo,https://www.bathandbodyworks.jo/en/buy-almond-blossom-cleansing-gel-hand-soap,jo,www,1,/en/buy-almond-blossom-cleansing-gel-hand-soap,2,0,77,2,False,False
bathandbodyworks.jo,https://www.bathandbodyworks.jo/en/buy-almond-croissant-concentrated-room-spray,jo,www,1,/en/buy-almond-croissant-concentrated-room-spray,2,0,79,2,False,False
bathandbodyworks.jo,https://www.bathandbodyworks.jo/en/buy-aloha-kiwi-passionfruit-wallflowers-fragrance-refill-6,jo,www,1,/en/buy-aloha-kiwi-passionfruit-wallflowers-fragrance-refill-6,2,0,93,2,True,False
bathandbodyworks.jo,https://www.bathandbodyworks.jo/en/buy-always-forever-fine-fragrance-mist,jo,www,1,/en/buy-always-forever-fine-fragrance-mist,2,0,73,2,False,False
bathandbodyworks.jo,https://www.bathandbodyworks.jo/en/buy-always-forever-travel-size-body-wash,jo,www,1,/en/buy-always-forever-travel-size-body-wash,2,0,75,2,False,False
bathandbodyworks.jo,https://www.bathandbodyworks.jo/en/buy-amber-suede-travel-size-fine-fragrance-mist,jo,www,1,/en/buy-amber-suede-travel-size-fine-fragrance-mist,2,0,82,2,False,False
bathandbodyworks.jo,https://www.bathandbodyworks.jo/en/buy-aqua-hour-mini-perfume-spray,jo,www,1,/en/buy-aqua-hour-mini-perfume-spray,2,0,67,2,False,False
bathandbodyworks.jo,https://www.bathandbodyworks.jo/en/buy-autumn-wallflowers-fragrance-refill-4,jo,www,1,/en/buy-autumn-wallflowers-fragrance-refill-4,2,0,76,2,True,False
bathandbodyworks.jo,https://www.bathandbodyworks.jo/en/buy-baguette-gemstones-pocketbac-holder,jo,www,1,/en/buy-baguette-gemstones-pocketbac-holder,2,0,74,2,False,False
bathandbodyworks.jo,https://www.bathandbodyworks.jo/en/buy-banana-pocketbac-holder-0,jo,www,1,/en/buy-banana-pocketbac-holder-0,2,0,64,2,True,False
bathandbodyworks.jo,https://www.bathandbodyworks.jo/en/buy-bath-and-body-works,jo,www,1,/en/buy-bath-and-body-works,2,0,58,2,False,False
bathandbodyworks.jo,https://www.bathandbodyworks.jo/en/buy-be-enchanted-body-wash,jo,www,1,/en/buy-be-enchanted-body-wash,2,0,61,2,False,False
bathandbodyworks.jo,https://www.bathandbodyworks.jo/en/buy-be-enchanted-fine-fragrance-mist-1,jo,www,1,/en/buy-be-enchanted-fine-fragrance-mist-1,2,0,73,2,True,False
bathandbodyworks.jo,https://www.bathandbodyworks.jo/en/buy-beach-daily-nourishing-body-lotion-1,jo,www,1,/en/buy-beach-daily-nourishing-body-lotion-1,2,0,75,2,True,False
bathandbodyworks.jo,https://www.bathandbodyworks.jo/en/buy-beach-exfoliating-beach-body-scrub,jo,www,1,/en/buy-beach-exfoliating-beach-body-scrub,2,0,73,2,False,False
bathandbodyworks.jo,https://www.bathandbodyworks.jo/en/buy-beach-fine-fragrance-mist-3,jo,www,1,/en/buy-beach-fine-fragrance-mist-3,2,0,66,2,True,False
bathandbodyworks.jo,https://www.bathandbodyworks.jo/en/buy-beach-moisturizing-conditioner,jo,www,1,/en/buy-beach-moisturizing-conditioner,2,0,69,2,False,False
bathandbodyworks.jo,https://www.bathandbodyworks.jo/en/buy-beach-moisturizing-conditioner-0,jo,www,1,/en/buy-beach-moisturizing-conditioner-0,2,0,71,2,True,False
bathandbodyworks.jo,https://www.bathandbodyworks.jo/en/buy-beach-travel-size-body-wash,jo,www,1,/en/buy-beach-travel-size-body-wash,2,0,66,2,False,False
bathandbodyworks.jo,https://www.bathandbodyworks.jo/en/buy-beach-travel-size-dry-shampoo,jo,www,1,/en/buy-beach-travel-size-dry-shampoo,2,0,68,2,False,False
bathandbodyworks.jo,https://www.bathandbodyworks.jo/en/buy-beach-travel-size-moisturizing-conditioner,jo,www,1,/en/buy-beach-travel-size-moisturizing-conditioner,2,0,81,2,False,False
kingabdullah.jo,http://kingabdullah.jo/robots.txt,jo,,0,/robots.txt,1,0,33,1,False,True
kingabdullah.jo,http://kingabdullah.jo/ZNZQb/robots.txt,jo,,0,/ZNZQb/robots.txt,2,0,39,2,False,True
iu.edu.jo,https://iu.edu.jo/files/uploadscv/c-v%20dr%20intesar%20tannous%202025%20(1)%20-%20Copy.pdf,jo,iu,1,/files/uploadscv/c-v%20dr%20intesar%20tannous%202025%20(1)%20-%20Copy.pdf,3,0,90,3,True,True
iu.edu.jo,https://iu.edu.jo/files/uploadscv/cv.pdf,jo,iu,1,/files/uploadscv/cv.pdf,3,0,40,3,False,True
iu.edu.jo,https://iu.edu.jo/files/uploadscv/faisal%20C.V.pdf,jo,iu,1,/files/uploadscv/faisal%20C.V.pdf,3,0,50,3,True,True
iu.edu.jo,https://iu.edu.jo/files/uploadscv/Hazem%20CV%202025(1).pdf,jo,iu,1,/files/uploadscv/Hazem%20CV%202025(1).pdf,3,0,58,3,True,True
iu.edu.jo,https://iu.edu.jo/files/uploadscv/Juhaina%20Abu%20Ershaid-June-2025.pdf,jo,iu,1,/files/uploadscv/Juhaina%20Abu%20Ershaid-June-2025.pdf,3,0,71,3,True,True
iu.edu.jo,https://iu.edu.jo/files/uploadscv/Prof.%20Abdul%20Hakim%20Joudeh%20CV.pdf,jo,iu,1,/files/uploadscv/Prof.%20Abdul%20Hakim%20Joudeh%20CV.pdf,3,0,73,3,True,True
iu.edu.jo,https://iu.edu.jo/files/uploadscv/updated%20Duaa%20Majali%20CV%20(4)%20(1).pdf,jo,iu,1,/files/uploadscv/updated%20Duaa%20Majali%20CV%20(4)%20(1).pdf,3,0,78,3,True,True
iu.edu.jo,https://iu.edu.jo/healing/SiteAssets/Lists/PartnersInfo/NewForm/Christian%20Mancini%20CV.pdf,jo,iu,1,/healing/SiteAssets/Lists/PartnersInfo/NewForm/Christian%20Mancini%20CV.pdf,6,0,92,6,True,True
iu.edu.jo,https://iu.edu.jo/healing/SiteAssets/Lists/PartnersInfo/NewForm/Giovanni%20Mirabella%20CV.pdf,jo,iu,1,/healing/SiteAssets/Lists/PartnersInfo/NewForm/Giovanni%20Mirabella%20CV.pdf,6,0,93,6,True,True
iu.edu.jo,https://www.iu.edu.jo/index.php/ar/,jo,www,1,/index.php/ar/,2,0,35,2,False,True
iu.edu.jo,https://www.iu.edu.jo/index.php/ar/2022-03-14-07-22-37,jo,www,1,/index.php/ar/2022-03-14-07-22-37,3,0,54,3,True,True
iu.edu.jo,https://www.iu.edu.jo/index.php/ar/2025-11-17-08-49-24/2025-11-17-09-02-36,jo,www,1,/index.php/ar/2025-11-17-08-49-24/2025-11-17-09-02-36,4,0,74,4,True,True
iu.edu.jo,https://iu.edu.jo/index.php/ar/2025-11-17-08-49-24/2025-11-17-09-04-22,jo,iu,1,/index.php/ar/2025-11-17-08-49-24/2025-11-17-09-04-22,4,0,70,4,True,True
iu.edu.jo,https://iu.edu.jo/index.php/ar/2025-11-17-08-49-24/2025-11-17-09-05-00,jo,iu,1,/index.php/ar/2025-11-17-08-49-24/2025-11-17-09-05-00,4,0,70,4,True,True
iu.edu.jo,https://www.iu.edu.jo/index.php/ar/2025-11-17-08-49-24/2025-11-17-09-05-00,jo,www,1,/index.php/ar/2025-11-17-08-49-24/2025-11-17-09-05-00,4,0,74,4,True,True
iu.edu.jo,https://www.iu.edu.jo/index.php/ar/2025-11-17-08-49-24/2025-11-17-09-19-57,jo,www,1,/index.php/ar/2025-11-17-08-49-24/2025-11-17-09-19-57,4,0,74,4,True,True
iu.edu.jo,https://www.iu.edu.jo/index.php/ar/abet-student-learning-outcomes,jo,www,1,/index.php/ar/abet-student-learning-outcomes,3,0,65,3,False,True
iu.edu.jo,https://iu.edu.jo/index.php/ar/about-12,jo,iu,1,/index.php/ar/about-12,3,0,39,3,True,True
iu.edu.jo,https://iu.edu.jo/index.php/ar/about-14,jo,iu,1,/index.php/ar/about-14,3,0,39,3,True,True
iu.edu.jo,https://www.iu.edu.jo/index.php/ar/about-6,jo,www,1,/index.php/ar/about-6,3,0,42,3,True,True
iu.edu.jo,https://www.iu.edu.jo/index.php/ar/about-7,jo,www,1,/index.php/ar/about-7,3,0,42,3,True,True
iu.edu.jo,https://www.iu.edu.jo/index.php/ar/about-admission/word-7,jo,www,1,/index.php/ar/about-admission/word-7,4,0,57,4,True,True
iu.edu.jo,https://www.iu.edu.jo/index.php/ar/about-it-faculty/about-it,jo,www,1,/index.php/ar/about-it-faculty/about-it,4,0,60,4,False,True
iu.edu.jo,https://iu.edu.jo/index.php/ar/about-it-faculty/laboratory-supervisors-of-it-iu,jo,iu,1,/index.php/ar/about-it-faculty/laboratory-supervisors-of-it-iu,4,0,79,4,False,True
iu.edu.jo,https://www.iu.edu.jo/index.php/ar/about-iu/about-isra-iu,jo,www,1,/index.php/ar/about-iu/about-isra-iu,4,0,57,4,False,True
iu.edu.jo,https://www.iu.edu.jo/index.php/ar/about-iu/councils/administrative-management-council,jo,www,1,/index.php/ar/about-iu/councils/administrative-management-council,5,0,86,5,False,True
iu.edu.jo,https://www.iu.edu.jo/index.php/ar/about-iu/councils/board-of-trustees,jo,www,1,/index.php/ar/about-iu/councils/board-of-trustees,5,0,70,5,False,True
iu.edu.jo,https://iu.edu.jo/index.php/ar/about-iu/councils/board-of-trustees,jo,iu,1,/index.php/ar/about-iu/councils/board-of-trustees,5,0,66,5,False,True
iu.edu.jo,https://iu.edu.jo/index.php/ar/about-iu/iu-structure-2,jo,iu,1,/index.php/ar/about-iu/iu-structure-2,4,0,54,4,True,True
iu.edu.jo,https://www.iu.edu.jo/index.php/ar/about-iu/iu-structure-2,jo,www,1,/index.php/ar/about-iu/iu-structure-2,4,0,58,4,True,True
dls.gov.jo,https://dls.gov.jo/,jo,dls,1,/,0,0,19,0,False,False
dls.gov.jo,http://dls.gov.jo/,jo,dls,1,/,0,0,18,0,False,False
dls.gov.jo,https://www.dls.gov.jo/AR/Forms/%D8%A7%D8%B3%D8%AA%D8%A8%D9%8A%D8%A7%D9%86_%D9%85%D8%AF%D9%89_%D8%A7%D9%84%D8%B1%D8%B6%D8%A7_%D8%B9%D9%86_%D8%A7%D9%84%D8%AE%D8%AF%D9%85%D8%A7%D8%AA_%D8%A7%D9%84%D8%A7%D9%84%D9%83%D8%AA%D8%B1%D9%88%D9%86%D9%8A%D8%A9?View=1051,jo,www,1,/AR/Forms/%D8%A7%D8%B3%D8%AA%D8%A8%D9%8A%D8%A7%D9%86_%D9%85%D8%AF%D9%89_%D8%A7%D9%84%D8%B1%D8%B6%D8%A7_%D8%B9%D9%86_%D8%A7%D9%84%D8%AE%D8%AF%D9%85%D8%A7%D8%AA_%D8%A7%D9%84%D8%A7%D9%84%D9%83%D8%AA%D8%B1%D9%88%D9%86%D9%8A%D8%A9,3,1,257,3,True,True
dls.gov.jo,https://dls.gov.jo/AR/List/%D8%A7%D8%B9%D9%84%D8%A7%D9%86%D8%A7%D8%AA,jo,dls,1,/AR/List/%D8%A7%D8%B9%D9%84%D8%A7%D9%86%D8%A7%D8%AA,3,0,69,3,True,True
dls.gov.jo,https://dls.gov.jo/AR/List/%D8%A7%D9%84%D9%81%D8%B9%D8%A7%D9%84%D9%8A%D8%A7%D8%AA_%D9%88%D8%A7%D9%84%D9%86%D8%B4%D8%A7%D8%B7%D8%A7%D8%AA,jo,dls,1,/AR/List/%D8%A7%D9%84%D9%81%D8%B9%D8%A7%D9%84%D9%8A%D8%A7%D8%AA_%D9%88%D8%A7%D9%84%D9%86%D8%B4%D8%A7%D8%B7%D8%A7%D8%AA,3,0,136,3,True,True
dls.gov.jo,https://dls.gov.jo/AR/List/%D8%A7%D9%84%D9%85%D9%88%D8%A7%D9%82%D8%B9_%D8%A7%D9%84%D8%AC%D8%BA%D8%B1%D8%A7%D9%81%D9%8A%D8%A9_%D9%84%D9%84%D9%85%D8%AF%D9%8A%D8%B1%D9%8A%D8%A7%D8%AA_%D9%88%D8%A7%D9%84%D9%88%D8%AD%D8%AF%D8%A7%D8%AA,jo,dls,1,/AR/List/%D8%A7%D9%84%D9%85%D9%88%D8%A7%D9%82%D8%B9_%D8%A7%D9%84%D8%AC%D8%BA%D8%B1%D8%A7%D9%81%D9%8A%D8%A9_%D9%84%D9%84%D9%85%D8%AF%D9%8A%D8%B1%D9%8A%D8%A7%D8%AA_%D9%88%D8%A7%D9%84%D9%88%D8%AD%D8%AF%D8%A7%D8%AA,3,0,228,3,True,True
dls.gov.jo,https://www.dls.gov.jo/AR/List/%D8%A8%D8%B7%D8%A7%D9%82%D8%A7%D8%AA_%D8%A7%D9%84%D9%88%D8%B5%D9%81_%D8%A7%D9%84%D9%88%D8%B8%D9%8A%D9%81%D9%8A_%D8%A7%D9%84%D8%AA%D8%AD%D9%84%D9%8A%D9%84%D9%8A?View=2184,jo,www,1,/AR/List/%D8%A8%D8%B7%D8%A7%D9%82%D8%A7%D8%AA_%D8%A7%D9%84%D9%88%D8%B5%D9%81_%D8%A7%D9%84%D9%88%D8%B8%D9%8A%D9%81%D9%8A_%D8%A7%D9%84%D8%AA%D8%AD%D9%84%D9%8A%D9%84%D9%8A,3,1,200,3,True,True
dls.gov.jo,https://www.dls.gov.jo/AR/ListDetails/%D8%A7%D8%B9%D9%84%D8%A7%D9%86%D8%A7%D8%AA/1112/42,jo,www,1,/AR/ListDetails/%D8%A7%D8%B9%D9%84%D8%A7%D9%86%D8%A7%D8%AA/1112/42,5,0,88,5,True,True
dls.gov.jo,https://www.dls.gov.jo/AR/Modules/News,jo,www,1,/AR/Modules/News,3,0,38,3,False,False
dls.gov.jo,https://dls.gov.jo/AR/Modules/PhotoGallery,jo,dls,1,/AR/Modules/PhotoGallery,3,0,42,3,False,False
dls.gov.jo,https://dls.gov.jo/Ar/Modules/Tenders,jo,dls,1,/Ar/Modules/Tenders,3,0,37,3,False,False
dls.gov.jo,https://www.dls.gov.jo/AR/Pages/%D8%B3%D9%8A%D8%A7%D8%B3%D8%A9_%D8%A7%D9%84%D8%AE%D8%B5%D9%88%D8%B5%D9%8A%D8%A9,jo,www,1,/AR/Pages/%D8%B3%D9%8A%D8%A7%D8%B3%D8%A9_%D8%A7%D9%84%D8%AE%D8%B5%D9%88%D8%B5%D9%8A%D8%A9,3,0,111,3,True,True
dls.gov.jo,https://dls.gov.jo/Default/Ar,jo,dls,1,/Default/Ar,2,0,29,2,False,False
dls.gov.jo,https://www.dls.gov.jo/robots.txt,jo,www,1,/robots.txt,1,0,33,1,False,True
dls.gov.jo,https://dls.gov.jo/robots.txt,jo,dls,1,/robots.txt,1,0,29,1,False,True
dls.gov.jo,http://dls.gov.jo/robots.txt,jo,dls,1,/robots.txt,1,0,28,1,False,True
jppmc.jo,https://jppmc.jo/ar/Bids,jo,,0,/ar/Bids,2,0,24,2,False,False
jppmc.jo,https://jppmc.jo/ar/Fuel_Prices,jo,,0,/ar/Fuel_Prices,2,0,31,2,False,False
jppmc.jo,https://www.jppmc.jo/ar/homepage,jo,www,1,/ar/homepage,2,0,32,2,False,False
jppmc.jo,https://www.jppmc.jo/en/Rental_Services,jo,www,1,/en/Rental_Services,2,0,39,2,False,False
jppmc.jo,https://jppmc.jo/robots.txt,jo,,0,/robots.txt,1,0,27,1,False,True
jppmc.jo,https://www.jppmc.jo/robots.txt,jo,www,1,/robots.txt,1,0,31,1,False,True
jrtv.gov.jo,https://www.jrtv.gov.jo/,jo,www,1,/,0,0,24,0,False,False
jrtv.gov.jo,https://www.jrtv.gov.jo/robots.txt,jo,www,1,/robots.txt,1,0,34,1,False,True
jrtv.gov.jo,https://www.jrtv.gov.jo/watch/%D8%B3%D8%AA%D9%88%D9%86-%D8%AF%D9%82%D9%8A%D9%82%D8%A9-02-09-2022/15134,jo,www,1,/watch/%D8%B3%D8%AA%D9%88%D9%86-%D8%AF%D9%82%D9%8A%D9%82%D8%A9-02-09-2022/15134,3,0,102,3,True,True
jrtv.gov.jo,https://www.jrtv.gov.jo/watch/%D8%B9%D9%8A%D9%86-%D8%B9%D9%84%D9%89-%D8%A7%D9%84%D9%82%D8%AF%D8%B3-07-04-2025/71742,jo,www,1,/watch/%D8%B9%D9%8A%D9%86-%D8%B9%D9%84%D9%89-%D8%A7%D9%84%D9%82%D8%AF%D8%B3-07-04-2025/71742,3,0,115,3,True,True
jrtv.gov.jo,http://static.jrtv.gov.jo/,jo,static,1,/,0,0,26,0,False,False
jrtv.gov.jo,https://static.jrtv.gov.jo/,jo,static,1,/,0,0,27,0,False,False
jrtv.gov.jo,http://static.jrtv.gov.jo/robots.txt,jo,static,1,/robots.txt,1,0,36,1,False,True
jrtv.gov.jo,https://static.jrtv.gov.jo/robots.txt,jo,static,1,/robots.txt,1,0,37,1,False,True
aaru.edu.jo,https://www.aaru.edu.jo/,jo,www,1,/,0,0,24,0,False,False
aaru.edu.jo,https://www.aaru.edu.jo/activities/,jo,www,1,/activities/,1,0,35,1,False,False
aaru.edu.jo,https://www.aaru.edu.jo/activities/arab-journal-platform/,jo,www,1,/activities/arab-journal-platform/,2,0,57,2,False,False
aaru.edu.jo,https://www.aaru.edu.jo/activities/arelen-s-leadership-development-programmes-for-leaders-and-aspiring-leaders-of-universities-in-membership-of-the-association-of-arab-universities-aaru/,jo,www,1,/activities/arelen-s-leadership-development-programmes-for-leaders-and-aspiring-leaders-of-universities-in-membership-of-the-association-of-arab-universities-aaru/,2,0,186,2,False,False
aaru.edu.jo,https://www.aaru.edu.jo/activities/erasmus-plus-projects/,jo,www,1,/activities/erasmus-plus-projects/,2,0,57,2,False,False
aaru.edu.jo,https://www.aaru.edu.jo/activities/?cat=Projects,jo,www,1,/activities/,1,1,48,1,False,False
aaru.edu.jo,https://www.aaru.edu.jo/ar/,jo,www,1,/ar/,1,0,27,1,False,False
aaru.edu.jo,https://www.aaru.edu.jo/ar/%D8%A7%D9%84%D8%A7%D8%AE%D8%A8%D8%A7%D8%B1-%D9%88%D8%A7%D9%84%D8%A7%D8%AD%D8%AF%D8%A7%D8%AB/,jo,www,1,/ar/%D8%A7%D9%84%D8%A7%D8%AE%D8%A8%D8%A7%D8%B1-%D9%88%D8%A7%D9%84%D8%A7%D8%AD%D8%AF%D8%A7%D8%AB/,2,0,119,2,True,True
aaru.edu.jo,https://www.aaru.edu.jo/ar/%D8%A7%D9%84%D8%A7%D8%AE%D8%A8%D8%A7%D8%B1-%D9%88%D8%A7%D9%84%D8%A7%D8%AD%D8%AF%D8%A7%D8%AB/%D8%A7%D8%AA%D8%AD%D8%A7%D8%AF-%D8%A7%D9%84%D8%AC%D8%A7%D9%85%D8%B9%D8%A7%D8%AA-%D8%A7%D9%84%D8%B9%D8%B1%D8%A8%D9%8A%D8%A9-%D9%8A%D8%B9%D9%82%D8%AF-%D9%88%D8%B1%D8%B4%D8%A9-%D8%B9%D9%85%D9%84-%D8%A7%D9%81%D8%AA%D8%B1%D8%A7%D8%B6%D9%8A%D8%A9-%D8%AD%D9%88%D9%84-%D8%AA%D9%88%D8%B8%D9%8A%D9%81-%D8%A7%D9%84%D8%B0%D9%83%D8%A7%D8%A1-%D8%A7%D9%84%D8%A7%D8%B5%D8%B7%D9%86%D8%A7%D8%B9%D9%8A-%D9%88vibe-coding-%D9%81%D9%8A-%D8%AA%D8%B7%D9%88%D9%8A%D8%B1-%D8%A7%D9%84%D8%AA%D8%B9%D9%84%D9%8A%D9%85-%D8%A7%D9%84%D8%B9%D8%A7%D9%84%D9%8A/,jo,www,1,/ar/%D8%A7%D9%84%D8%A7%D8%AE%D8%A8%D8%A7%D8%B1-%D9%88%D8%A7%D9%84%D8%A7%D8%AD%D8%AF%D8%A7%D8%AB/%D8%A7%D8%AA%D8%AD%D8%A7%D8%AF-%D8%A7%D9%84%D8%AC%D8%A7%D9%85%D8%B9%D8%A7%D8%AA-%D8%A7%D9%84%D8%B9%D8%B1%D8%A8%D9%8A%D8%A9-%D9%8A%D8%B9%D9%82%D8%AF-%D9%88%D8%B1%D8%B4%D8%A9-%D8%B9%D9%85%D9%84-%D8%A7%D9%81%D8%AA%D8%B1%D8%A7%D8%B6%D9%8A%D8%A9-%D8%AD%D9%88%D9%84-%D8%AA%D9%88%D8%B8%D9%8A%D9%81-%D8%A7%D9%84%D8%B0%D9%83%D8%A7%D8%A1-%D8%A7%D9%84%D8%A7%D8%B5%D8%B7%D9%86%D8%A7%D8%B9%D9%8A-%D9%88vibe-coding-%D9%81%D9%8A-%D8%AA%D8%B7%D9%88%D9%8A%D8%B1-%D8%A7%D9%84%D8%AA%D8%B9%D9%84%D9%8A%D9%85-%D8%A7%D9%84%D8%B9%D8%A7%D9%84%D9%8A/,3,0,644,3,True,True
aaru.edu.jo,https://www.aaru.edu.jo/ar/%D8%A7%D9%84%D8%A7%D8%AE%D8%A8%D8%A7%D8%B1-%D9%88%D8%A7%D9%84%D8%A7%D8%AD%D8%AF%D8%A7%D8%AB/%D8%A7%D8%AE%D8%AA%D8%AA%D8%A7%D9%85-%D8%A3%D8%B9%D9%85%D8%A7%D9%84-%D8%A7%D9%84%D8%AF%D9%88%D8%B1%D8%A9-%D8%A7%D9%84%D8%AB%D8%A7%D9%86%D9%8A%D8%A9-%D9%84%D9%82%D9%85%D8%A9-%D8%B1%D8%A4%D8%B3%D8%A7%D8%A1-%D8%A7%D9%84%D8%AC%D8%A7%D9%85%D8%B9%D8%A7%D8%AA-%D8%A7%D9%84%D8%B9%D8%B1%D8%A8%D9%8A%D8%A9-%D8%A7%D9%84%D9%87%D9%86%D8%AF%D9%8A%D8%A9/,jo,www,1,/ar/%D8%A7%D9%84%D8%A7%D8%AE%D8%A8%D8%A7%D8%B1-%D9%88%D8%A7%D9%84%D8%A7%D8%AD%D8%AF%D8%A7%D8%AB/%D8%A7%D8%AE%D8%AA%D8%AA%D8%A7%D9%85-%D8%A3%D8%B9%D9%85%D8%A7%D9%84-%D8%A7%D9%84%D8%AF%D9%88%D8%B1%D8%A9-%D8%A7%D9%84%D8%AB%D8%A7%D9%86%D9%8A%D8%A9-%D9%84%D9%82%D9%85%D8%A9-%D8%B1%D8%A4%D8%B3%D8%A7%D8%A1-%D8%A7%D9%84%D8%AC%D8%A7%D9%85%D8%B9%D8%A7%D8%AA-%D8%A7%D9%84%D8%B9%D8%B1%D8%A8%D9%8A%D8%A9-%D8%A7%D9%84%D9%87%D9%86%D8%AF%D9%8A%D8%A9/,3,0,458,3,True,True
aaru.edu.jo,https://www.aaru.edu.jo/ar/%D8%A7%D9%84%D8%A7%D8%AE%D8%A8%D8%A7%D8%B1-%D9%88%D8%A7%D9%84%D8%A7%D8%AD%D8%AF%D8%A7%D8%AB/%D8%A7%D9%84%D8%A3%D9%85%D9%8A%D9%86-%D8%A7%D9%84%D8%B9%D8%A7%D9%85-%D9%84%D8%A7%D8%AA%D8%AD%D8%A7%D8%AF-%D8%A7%D9%84%D8%AC%D8%A7%D9%85%D8%B9%D8%A7%D8%AA-%D8%A7%D9%84%D8%B9%D8%B1%D8%A8%D9%8A%D8%A9-%D9%8A%D8%B2%D9%88%D8%B1-%D8%AC%D8%A7%D9%85%D8%B9%D8%A9-%D8%B8%D9%81%D8%A7%D8%B1-%D9%84%D9%81%D8%AD%D8%B5-%D8%B7%D9%84%D8%A8-%D8%A7%D9%84%D8%B9%D8%B6%D9%88%D9%8A%D8%A9-%D8%AA%D9%85%D9%87%D9%8A%D8%AF-%D8%A7-%D9%84%D8%A7%D9%86%D8%B6%D9%85%D8%A7%D9%85%D9%87%D8%A7-%D8%A5%D9%84%D9%89-%D8%A7%D9%84%D8%A7%D8%AA%D8%AD%D8%A7%D8%AF/,jo,www,1,/ar/%D8%A7%D9%84%D8%A7%D8%AE%D8%A8%D8%A7%D8%B1-%D9%88%D8%A7%D9%84%D8%A7%D8%AD%D8%AF%D8%A7%D8%AB/%D8%A7%D9%84%D8%A3%D9%85%D9%8A%D9%86-%D8%A7%D9%84%D8%B9%D8%A7%D9%85-%D9%84%D8%A7%D8%AA%D8%AD%D8%A7%D8%AF-%D8%A7%D9%84%D8%AC%D8%A7%D9%85%D8%B9%D8%A7%D8%AA-%D8%A7%D9%84%D8%B9%D8%B1%D8%A8%D9%8A%D8%A9-%D9%8A%D8%B2%D9%88%D8%B1-%D8%AC%D8%A7%D9%85%D8%B9%D8%A9-%D8%B8%D9%81%D8%A7%D8%B1-%D9%84%D9%81%D8%AD%D8%B5-%D8%B7%D9%84%D8%A8-%D8%A7%D9%84%D8%B9%D8%B6%D9%88%D9%8A%D8%A9-%D8%AA%D9%85%D9%87%D9%8A%D8%AF-%D8%A7-%D9%84%D8%A7%D9%86%D8%B6%D9%85%D8%A7%D9%85%D9%87%D8%A7-%D8%A5%D9%84%D9%89-%D8%A7%D9%84%D8%A7%D8%AA%D8%AD%D8%A7%D8%AF/,3,0,639,3,True,True
aaru.edu.jo,https://www.aaru.edu.jo/ar/%D8%A7%D9%84%D8%A7%D8%AE%D8%A8%D8%A7%D8%B1-%D9%88%D8%A7%D9%84%D8%A7%D8%AD%D8%AF%D8%A7%D8%AB/%D8%B2%D9%8A%D8%A7%D8%B1%D8%A9-%D9%85%D8%B9%D8%A7%D9%84%D9%8A-%D8%A7%D9%84%D8%A3%D9%85%D9%8A%D9%86-%D8%A7%D9%84%D8%B9%D8%A7%D9%85-%D9%84%D8%A7%D8%AA%D8%AD%D8%A7%D8%AF-%D8%A7%D9%84%D8%AC%D8%A7%D9%85%D8%B9%D8%A7%D8%AA-%D8%A7%D9%84%D8%B9%D8%B1%D8%A8%D9%8A%D8%A9-%D8%AC%D8%A7%D9%85%D8%B9%D8%A9-%D8%B1%D8%A3%D8%B3-%D8%A7%D9%84%D8%AE%D9%8A%D9%85%D8%A9-%D9%84%D9%84%D8%B7%D8%A8-%D9%88%D8%A7%D9%84%D8%B9%D9%84%D9%88%D9%85-%D8%A7%D9%84%D8%B5%D8%AD%D9%8A%D8%A9/,jo,www,1,/ar/%D8%A7%D9%84%D8%A7%D8%AE%D8%A8%D8%A7%D8%B1-%D9%88%D8%A7%D9%84%D8%A7%D8%AD%D8%AF%D8%A7%D8%AB/%D8%B2%D9%8A%D8%A7%D8%B1%D8%A9-%D9%85%D8%B9%D8%A7%D9%84%D9%8A-%D8%A7%D9%84%D8%A3%D9%85%D9%8A%D9%86-%D8%A7%D9%84%D8%B9%D8%A7%D9%85-%D9%84%D8%A7%D8%AA%D8%AD%D8%A7%D8%AF-%D8%A7%D9%84%D8%AC%D8%A7%D9%85%D8%B9%D8%A7%D8%AA-%D8%A7%D9%84%D8%B9%D8%B1%D8%A8%D9%8A%D8%A9-%D8%AC%D8%A7%D9%85%D8%B9%D8%A9-%D8%B1%D8%A3%D8%B3-%D8%A7%D9%84%D8%AE%D9%8A%D9%85%D8%A9-%D9%84%D9%84%D8%B7%D8%A8-%D9%88%D8%A7%D9%84%D8%B9%D9%84%D9%88%D9%85-%D8%A7%D9%84%D8%B5%D8%AD%D9%8A%D8%A9/,3,0,570,3,True,True
aaru.edu.jo,https://www.aaru.edu.jo/ar/%D8%A7%D9%84%D8%A7%D8%AE%D8%A8%D8%A7%D8%B1-%D9%88%D8%A7%D9%84%D8%A7%D8%AD%D8%AF%D8%A7%D8%AB/?cat=News,jo,www,1,/ar/%D8%A7%D9%84%D8%A7%D8%AE%D8%A8%D8%A7%D8%B1-%D9%88%D8%A7%D9%84%D8%A7%D8%AD%D8%AF%D8%A7%D8%AB/,2,1,128,2,True,True
aaru.edu.jo,https://www.aaru.edu.jo/ar/%D8%A7%D9%84%D8%AC%D8%A7%D9%85%D8%B9%D8%A7%D8%AA-%D8%A7%D9%84%D8%A3%D8%B9%D8%B6%D8%A7%D8%A1/,jo,www,1,/ar/%D8%A7%D9%84%D8%AC%D8%A7%D9%85%D8%B9%D8%A7%D8%AA-%D8%A7%D9%84%D8%A3%D8%B9%D8%B6%D8%A7%D8%A1/,2,0,119,2,True,True
aaru.edu.jo,https://www.aaru.edu.jo/ar/%D8%A7%D9%84%D8%B4%D8%A8%D9%83%D8%A7%D8%AA/,jo,www,1,/ar/%D8%A7%D9%84%D8%B4%D8%A8%D9%83%D8%A7%D8%AA/,2,0,70,2,True,True
aaru.edu.jo,https://www.aaru.edu.jo/ar/%D8%A7%D9%84%D8%B4%D8%B1%D9%83%D8%A7%D8%A1/,jo,www,1,/ar/%D8%A7%D9%84%D8%B4%D8%B1%D9%83%D8%A7%D8%A1/,2,0,70,2,True,True
aaru.edu.jo,https://www.aaru.edu.jo/ar/%D8%A7%D9%84%D9%85%D8%AC%D8%A7%D9%84%D8%B3/,jo,www,1,/ar/%D8%A7%D9%84%D9%85%D8%AC%D8%A7%D9%84%D8%B3/,2,0,70,2,True,True
aaru.edu.jo,https://www.aaru.edu.jo/ar/%D8%A7%D9%84%D9%85%D8%AC%D9%84%D8%A9-%D8%A7%D9%84%D8%B4%D9%87%D8%B1%D9%8A%D8%A9/,jo,www,1,/ar/%D8%A7%D9%84%D9%85%D8%AC%D9%84%D8%A9-%D8%A7%D9%84%D8%B4%D9%87%D8%B1%D9%8A%D8%A9/,2,0,107,2,True,True
aaru.edu.jo,https://www.aaru.edu.jo/ar/%D8%A7%D9%84%D9%85%D8%B1%D8%A7%D9%83%D8%B2/,jo,www,1,/ar/%D8%A7%D9%84%D9%85%D8%B1%D8%A7%D9%83%D8%B2/,2,0,70,2,True,True
aaru.edu.jo,https://www.aaru.edu.jo/ar/%D8%A7%D9%84%D9%86%D8%B4%D8%A7%D8%B7%D8%A7%D8%AA/,jo,www,1,/ar/%D8%A7%D9%84%D9%86%D8%B4%D8%A7%D8%B7%D8%A7%D8%AA/,2,0,76,2,True,True
aaru.edu.jo,https://www.aaru.edu.jo/ar/%D8%A7%D9%84%D9%86%D8%B4%D8%A7%D8%B7%D8%A7%D8%AA/%D9%85%D9%86%D8%B5%D8%A9-%D8%A7%D9%84%D8%AF%D9%88%D8%B1%D9%8A%D8%A7%D8%AA-%D8%A7%D9%84%D8%B9%D8%B1%D8%A8%D9%8A%D8%A9/,jo,www,1,/ar/%D8%A7%D9%84%D9%86%D8%B4%D8%A7%D8%B7%D8%A7%D8%AA/%D9%85%D9%86%D8%B5%D8%A9-%D8%A7%D9%84%D8%AF%D9%88%D8%B1%D9%8A%D8%A7%D8%AA-%D8%A7%D9%84%D8%B9%D8%B1%D8%A8%D9%8A%D8%A9/,3,0,193,3,True,True
aaru.edu.jo,https://www.aaru.edu.jo/ar/%D8%A7%D9%84%D9%86%D8%B4%D8%A7%D8%B7%D8%A7%D8%AA/?cat=Awards,jo,www,1,/ar/%D8%A7%D9%84%D9%86%D8%B4%D8%A7%D8%B7%D8%A7%D8%AA/,2,1,87,2,True,True
aaru.edu.jo,https://www.aaru.edu.jo/ar/%D8%A7%D9%84%D9%86%D8%B4%D8%A7%D8%B7%D8%A7%D8%AA/?cat=Initiatives,jo,www,1,/ar/%D8%A7%D9%84%D9%86%D8%B4%D8%A7%D8%B7%D8%A7%D8%AA/,2,1,92,2,True,True
aaru.edu.jo,https://www.aaru.edu.jo/ar/%D8%A7%D9%84%D9%86%D8%B4%D8%A7%D8%B7%D8%A7%D8%AA/?cat=Projects,jo,www,1,/ar/%D8%A7%D9%84%D9%86%D8%B4%D8%A7%D8%B7%D8%A7%D8%AA/,2,1,89,2,True,True
aaru.edu.jo,https://www.aaru.edu.jo/ar/%D9%85%D9%82%D8%AF%D9%85%D8%A9/,jo,www,1,/ar/%D9%85%D9%82%D8%AF%D9%85%D8%A9/,2,0,58,2,True,True
aaru.edu.jo,https://www.aaru.edu.jo/councils/,jo,www,1,/councils/,1,0,33,1,False,False
aaru.edu.jo,https://www.aaru.edu.jo/en/english/documents/forms/allitems.aspx?rootfolder=/en/english/documents/quality+assurance&folderctid=0x01200000e460772003254dab35267956e3447c&view=%7Bbf971884-9251-44f0-9306-761c75d0ce29%7D,jo,www,1,/en/english/documents/forms/allitems.aspx,5,3,215,5,False,True
aaru.edu.jo,https://aaru.edu.jo/en/english/documents/forms/allitems.aspx?rootfolder=/en/english/documents/quality+assurance&folderctid=0x01200000e460772003254dab35267956e3447c&view=%7Bbf971884-9251-44f0-9306-761c75d0ce29%7D,jo,aaru,1,/en/english/documents/forms/allitems.aspx,5,3,211,5,False,True
aaru.edu.jo,https://www.aaru.edu.jo/en/english/documents/forms/allitems.aspx?view=%7Bbf971884-9251-44f0-9306-761c75d0ce29%7D,jo,www,1,/en/english/documents/forms/allitems.aspx,5,1,112,5,False,True
aaru.edu.jo,https://aaru.edu.jo/en/english/documents/forms/allitems.aspx?view=%7Bbf971884-9251-44f0-9306-761c75d0ce29%7D,jo,aaru,1,/en/english/documents/forms/allitems.aspx,5,1,108,5,False,True
